music_id,music_name,music_artist,music_difficulty
51,ＧＯ！ＧＯ！ラブリズム♥,片霧烈火オンザみんマンション,"[3, 6, 8.7, 11.8, '']"
57,Cyberozar,削除,"[4, 7, 10, 12.9, '']"
44,檄!帝国華撃団,真宮寺さくら（横山智佐）＆帝国歌劇団「サクラ大戦」,"[2, 5, 7.7, 11.4, '']"
52,Oshama Scramble!,t+pazolite,"[4, 7, 10, 13.7, '']"
53,心象蜃気楼,Orangestar,"[2, 6, 8, 12.2, '']"
58,AMAZING MIGHTYYYY!!!!,WAiKURO,"[4, 7, 11, 13.7, 15]"
69,Perfect Shining!!,曲：宮崎誠／歌：星咲 あかり(CV：赤尾 ひかる),"[3, 6, 8, 11.5, 13.8]"
54,Mare Maris,M2U,"[3, 6, 8, 12.5, 0]"
59,Gate of Doom,Masahiro “Godspeed” Aoki,"[4, 7.7, 10.7, 13.1, 0]"
45,The Formula,Junk,"[4, 7, 8.7, 12.7, '']"
47,Halcyon,xi,"[4, 7.7, 10.7, 13.4, 14.8]"
55,Hyper Active,HiTECH NINJA,"[4, 7.7, 11.2, 12.8, '']"
21,六兆年と一夜物語,kemu,"[3, 6, 8.7, 12.3, 14.1]"
19,天ノ弱,164,"[3, 5, 9, 11.9, '']"
22,千本桜,黒うさP,"[2, 6, 8.7, 11.9, '']"
56,天火明命,削除,"[3, 6, 9.7, 13.1, '']"
23,キミノヨゾラ哨戒班,Orangestar,"[3, 6, 9, 12.5, '']"
25,鬼KYOKAN,じーざすP（ワンダフル☆オポチュニティ！）,"[4, 6, 10.4, 12.9, '']"
48,オモイヨシノ,loos feat. 柊莉杏,"[3, 5, 9, 12, '']"
70,STARTLINER,曲：kz(livetune)／歌：オンゲキシューターズ,"[2, 5, 8.7, 11.2, 12.8]"
71,みんな Happy!!,曲：ヒゲドライバー／歌：藤沢 柚子(CV：久保田 梨沙),"[2, 5, 9, 11.5, 13.8]"
72,Zest of Blue,曲：上松範廉(Elements Garden)／歌：三角 葵(CV：春野 杏),"[3, 6, 9, 12, 13.6]"
74,Dolphika,HiTECH NINJA,"[3, 6, 10.7, 13.4, '']"
73,Here We Go,曲：TeddyLoid／歌：高瀬 梨緒(CV：久保 ユリカ),"[2, 5, 9, 12.6, 13.9]"
75,P！P！P！P！がおー!!,曲：Tom-H@ck／歌：結城 莉玖(CV：朝日奈 丸佳),"[4, 7.7, 10.7, 12.9, 14.7]"
76,タテマエと本心の大乱闘,曲：鯨井国家／歌：藍原 椿(CV：橋本 ちなみ),"[4, 6, 9.7, 11.8, 13.7]"
77,Ai Nov,Feryquitous,"[4, 7.7, 11, 13.9, '']"
78,ロッキンピンクモンスター,豚乙女,"[3, 7, 10.7, 13.2, '']"
79,ブツメツビーターズ,有形ランペイジ,"[3, 7, 9.7, 13.3, '']"
46,Brain Power,NOMA,"[4, 6, 9.7, 13.4, '']"
18,脳漿炸裂ガール,れるりり,"[3, 5, 10, 13.2, 14.4]"
24,木彫り鯰と右肩ゾンビ,hanzo/赤飯歌唱Ver,"[3, 6, 9.7, 12, '']"
62,We Gonna Journey,Queen P.A.L.,"[3, 7, 10.4, 13.5, '']"
27,初音ミクの激唱,Storyteller,"[4, 7.7, 11, 14.2, 14.2]"
80,SWEET SHAKE!!,曲：佐藤純一（fhána）／歌：桜井 春菜(CV：近藤 玲奈),"[2, 6, 8, 12.8, 13.8]"
61,Paqqin,owl＊tree,"[3, 6, 10.7, 13.1, '']"
81,What color...,曲：NAOKI／歌：早乙女 彩華(CV：中島 唯),"[2, 6, 8.7, 12.9, 14.5]"
63,閃鋼のブリューナク,sasakure.UK,"[4, 7.7, 10.7, 13.9, '']"
49,神威,TJ.hangneil,"[4, 8, 12.4, 14.3, '']"
83,Maqrite,owl＊tree,"[2, 6, 9, 13.6, '']"
82,Sword of Secret,"Cranky,Morrigan feat.Lily","[3, 7, 9.7, 13.4, '']"
84,Everlasting Today,void (Mournfinale),"[3, 7.7, 12.7, 14, '']"
60,First Twinkle,折戸伸治 feat.北沢綾香,"[2, 6, 8.7, 11.4, '']"
29,グリーンライツ・セレナーデ,Omoi feat. 初音ミク,"[3, 6, 9.7, 12.3, 13.4]"
33,Bad Apple!! feat.nomico,Masayoshi Minoshima,"[2, 5, 8, 12.7, '']"
36,幻想のサテライト,豚乙女,"[3, 7, 10.4, 12.9, '']"
35,Grip & Break down !!,SOUND HOLIC feat. Nana Takahashi,"[3, 6, 9, 12, '']"
34,ナイト・オブ・ナイツ,ビートまりお（COOL&CREATE）,"[3, 7, 9.7, 12.8, 13.9]"
85,GAME IS LIFE,曲：ヒゲドライバー／歌：井之原 小星(CV：ももの はるな),"[3, 7, 9.7, 12.9, 13.9]"
86,GranFatalité,曲：ZAQ／歌：柏木 咲姫(CV：石見 舞菜香),"[3, 7, 9, 12.5, 14.1]"
64,oboro,ヒゲドライバー,"[2, 6, 8.7, 12.9, '']"
50,Äventyr,Grand Thaw / Rigel Theatre,"[2, 5, 8.7, 13.1, '']"
65,7thSense,削除,"[4, 7.7, 11.7, 14, '']"
41,sweet little sister,Silver Forest,"[3, 6, 9, 13, '']"
37,Energy Booster ～ 上海紅茶館,激戦の人,"[3, 6, 9, 12.7, '']"
38,アクアテラリウム,森羅万象,"[2, 5, 8.7, 12.6, '']"
39,四次元跳躍機関,koutaq,"[2, 5, 8, 12.7, '']"
40,れみりあ☆デスティニー,ふぉれすとぴれお,"[3, 6, 9, 12.7, '']"
42,Destiny Runner,さわわ,"[3, 7, 10, 13.6, 14.5]"
43,最終鬼畜妹フランドール・Ｓ,ビートまりお（COOL&CREATE）,"[3, 7, 10.4, 13.4, '']"
30,砂の惑星 feat. HATSUNE MIKU,ハチ,"[2, 5, 9, 12.3, '']"
87,Dazzle hop,Sampling Masters MEGA,"[5, 9, 12.3, 14, '']"
88,YURUSHITE,t+pazolite,"[4, 9, 12.3, 14.8, '']"
66,今ぞ♡崇め奉れ☆オマエらよ！！～姫の秘メタル渇望～,あべにゅうぷろじぇくと feat.佐倉 紗織　produced by ave;new,"[3, 7, 9.7, 13.2, '']"
67,Kattobi KEIKYU Rider,Sampling Masters MEGA,"[3, 7.7, 10.7, 13.3, '']"
68,エンドマークに希望と涙を添えて,cosMo＠暴走P,"[4, 8.7, 11.8, 14.2, '']"
91,カミサマネジマキ,kemu,"[3, 7, 11.7, 13.7, '']"
93,幸せになれる隠しコマンドがあるらしい,うたたP,"[2, 7, 9.7, 13, '']"
94,チュルリラ・チュルリラ・ダッダッダ！,和田たけあき(くらげP),"[3, 7, 10, 12.8, '']"
92,いーあるふぁんくらぶ,みきとP,"[2, 5, 8, 12, '']"
98,GOODRAGE,EBIMAYO,"[4, 7.7, 11.5, 14, '']"
99,Dragoon,Shandy kubota,"[3, 6, 9, 12.8, '']"
100,月に叢雲華に風,幽閉サテライト,"[3, 6, 8.7, 11.9, '']"
108,Opfer,かねこちはる,"[4, 9, 13.6, 15, '']"
109,Titania,xi,"[5, 9.7, 13.2, 14.9, 0]"
106,怒槌,光吉猛修,"[5, 8.7, 12.9, 14.5, '']"
107,混沌を越えし我らが神聖なる調律主を讃えよ,穴山大輔,"[5, 8.7, 13, 14.3, '']"
110,HARMONIZE,日向 美海(CV：相坂 優歌)「アンジュ・ヴィエルジュ」,"[3, 6, 8, 12.3, '']"
117,こころここから,ふわりP,"[1, 5, 8.7, 12.6, '']"
118,ロボットプラネットユートピア,lumo,"[3, 7, 10.4, 13.4, 0]"
119,時の冒険者,40mP feat.シャノ,"[4, 7, 9.7, 12.9, '']"
130,Jump!! Jump!! Jump!!,曲：宮崎誠／歌：オンゲキシューターズ,"[3, 6, 9, 12.4, '']"
131,TAKE ON THE WORLD,REDALiCE,"[3, 7, 10, 13.3, '']"
132,TeA,ガリガリさむし,"[3, 7, 10.7, 13, '']"
133,fulgente,Junk,"[2, 6, 9, 13.4, '']"
126,ヒバナ,DECO*27,"[3, 7, 9.7, 12.4, 14.1]"
127,ロキ,みきとP,"[3, 6, 9.7, 12.8, 14]"
128,クイーンオブハート,奏音69×巡音ルカ,"[4, 7.7, 10.7, 13.7, '']"
129,Calamity Fortune,LeaF,"[4, 8, 12.2, 13.7, 14.1]"
138,本能的 Survivor,曲：eba／歌：⊿TRiEDGE [高瀬 梨緒(CV：久保 ユリカ)、結城 莉玖(CV：朝日奈 丸佳)、藍原 椿(CV：橋本 ちなみ)],"[3, 7, 9.7, 13, 13.9]"
136,アンハッピーリフレイン,wowaka,"[4, 7, 11.3, 13, '']"
137,DAYBREAK FRONTLINE,Orangestar,"[2, 6, 9, 13.1, '']"
139,MEGATON BLAST,BlackY vs. Yooh,"[5, 9, 13, 14.6, '']"
140,初音ミクの消失,cosMo＠暴走P,"[4, 8, 11.7, 13.7, '']"
141,炉心融解,iroha(sasaki)／kuma(alfred),"[3, 7, 9, 11.9, '']"
142,星屑ユートピア,otetsu,"[4, 7.7, 10.7, 12.9, '']"
143,Tell Your World,livetune,"[2, 6, 8.7, 12, '']"
144,＊ハロー、プラネット。,sasakure.UK,"[2, 6, 9.7, 12.2, '']"
145,からくりピエロ,40mP,"[1, 5, 8, 12.8, 13.2]"
146,Cream+Mint,KOTOKO,"[2, 5, 8, 11.4, '']"
147,Kiss Me Kiss,曲：大畑拓也／歌：bitter flavor [桜井 春菜(CV：近藤 玲奈)、早乙女 彩華(CV：中島 唯)],"[2, 6, 9.7, 12.7, '']"
148,Death Doll,SHIKI,"[3, 7, 11.2, 13.5, '']"
149,Chelly spLash♪♪,まらしぃ,"[5, 7.7, 10.7, 13.3, '']"
150,Sakura Fubuki,Street,"[0, 0, 0, 0, 13.7]"
151,オンゲキ全域★アカネサマ？,曲：MOSAIC.WAV／歌：逢坂 茜(CV：大空 直美),"[4, 7, 10.7, 13.3, '']"
153,Lost Princess,ペコリーヌ（M・A・O）、コッコロ（伊藤美来）、キャル（立花理香）「プリンセスコネクト！Re:Dive」,"[2, 5, 9, 11.3, '']"
157,アリサのテーマ,池頼広「Shadowverse」,"[2, 6, 9.7, 13.6, '']"
158,Connecting Happy!!,ペコリーヌ（M・A・O）、コッコロ（伊藤美来）、キャル（立花理香）「プリンセスコネクト！Re:Dive」,"[3, 6, 9, 12, '']"
161,シャルル,バルーン,"[2, 5, 8.7, 12, '']"
160,ネ！コ！,パトリシア・オブ・エンド(CV:高森奈津美)・黒木未知(CV:仙台エリ)・夕莉シャチ(CV:浅川悠)・明日原ユウキ(CV:種﨑敦美)「ノラと皇女と野良猫ハート」,"[3, 6, 9, 12.4, 13.8]"
163,エピクロスの虹はもう見えない,SYNC.ART'S feat.美里,"[2, 6, 9, 13.4, 0]"
164,Sentimental Snow,霜月はるか,"[2, 5, 8, 11.7, '']"
165,めんどーい！やっほーい！ともだち！,曲：前山田健一／歌：7EVENDAYS⇔HOLIDAYS [井之原 小星(CV：ももの はるな)、柏木 咲姫(CV：石見 舞菜香)],"[3, 6, 9.7, 12.5, '']"
166,BOUNCE & DANCE,IOSYS TRAX,"[2, 7, 10.7, 13.3, '']"
167,心,削除 (Violin : Katali),"[3, 6, 9.7, 14.6, '']"
168,進捗どうですか？,sumijun(Halozy) feat. ななひら(Confetto),"[3, 6, 9.7, 12.3, '']"
169,東方妖々夢 ～the maximum moving about～,石鹸屋,"[3, 7, 10, 12.3, '']"
171,妖狐仙楽踏,片霧烈火＆橋本鏡也,"[2, 6, 10.7, 13.5, '']"
170,寒想桜,あ～るの～と（いえろ～ぜぶら）,"[2, 5, 8.7, 12.1, '']"
172,Necro Fantasia,Masayoshi Minoshima,"[3, 6, 9, 12.8, '']"
174,櫻結び,IOSYS,"[3, 6, 9, 12.3, '']"
173,Colors,REDALiCE feat.野宮あゆみ,"[2, 5, 8, 12.1, '']"
175,Melody！,あ～るの～と（いえろ～ぜぶら）,"[3, 6, 8.7, 12.6, '']"
176,Scream out! -音華鏡 Re:BREAK-,A-One,"[3, 7, 10.7, 13.4, '']"
177,conflict,siromaru + cranky,"[3, 7, 11.4, 13.8, '']"
178,UTAKATA,曲：ゆよゆっぺ／歌：九條 楓(CV：佳村 はるか),"[3, 6, 9, 13.1, 13.9]"
179,Rule the World!!,曲：八木雄一 feat. Marty Friedman／歌：逢坂 茜(CV：大空 直美),"[2, 6, 10, 12.7, 14.1]"
180,どうぶつ☆パラダイス,曲：村井大／歌：珠洲島 有栖(CV：長縄 まりあ),"[1, 5, 8, 12.1, 13.6]"
181,Y.Y.Y.計画!!!!,曲：烏屋茶房／歌：R.B.P. [九條 楓(CV：佳村 はるか)、逢坂 茜(CV：大空 直美)、珠洲島 有栖(CV：長縄 まりあ)],"[3, 7, 9.7, 12.3, '']"
186,39,sasakure.UK x DECO*27,"[3, 6, 8.7, 12.3, '']"
187,メルト,supercell,"[2, 5, 8, 12, '']"
191,Viyella's Tears,Laur,"[5, 9.7, 13.2, 14.8, '']"
190,Starring Stars,曲：馬渕直純／歌：ASTERISM [星咲 あかり(CV：赤尾 ひかる)、藤沢 柚子(CV：久保田 梨沙)、三角 葵(CV：春野 杏)],"[4, 6, 9, 12.5, 13.7]"
188,Garakuta Doll Play,t+pazolite,"[5, 8.7, 13, 14.3, '']"
189,The wheel to the right,Sampling Masters MEGA,"[4, 8, 12.2, 13.7, '']"
193,Aenbharr,Project Grimoire,"[4, 8, 12.6, 14.5, '']"
194,ω4,穴山大輔 VS 光吉猛修 VS Kai,"[5, 9.7, 13, 15, '']"
192,チルノのパーフェクトさんすう教室,ARM＋夕野ヨシミ (IOSYS) feat.miko,"[2, 6, 10.7, 13.3, '']"
198,光線チューニング,ナユタン星人,"[3, 6, 10, 12.8, '']"
195,ドーナツホール,ハチ,"[3, 7, 10.7, 13.2, '']"
196,人生リセットボタン,kemu,"[4, 7, 11.3, 13.3, '']"
197,妄想感傷代償連盟,DECO*27,"[1, 5, 8, 12.2, '']"
211,METEOR,DIVELA,"[3, 6, 8, 12.4, '']"
215,最強 the サマータイム!!!!!,曲：村カワ基成／歌：オンゲキシューターズ,"[3, 6, 9.7, 12.4, 13.6]"
216,まっすぐ→→→ストリーム！,曲：本多友紀（Arte Refact）／歌：日向 千夏(CV：岡咲 美保),"[3, 6, 9, 12.9, 14.5]"
217,Touch and Go,Noah,"[4, 7.7, 11.7, 13.7, '']"
218,Baqeela,owl＊tree,"[2, 6, 11.4, 13.9, '']"
221,夜明けのストリング,曲：DJ Genki／歌：東雲 つむぎ(CV：和泉 風花),"[2, 5, 8, 12.4, 13.4]"
208,快晴,Orangestar feat.初音ミク,"[2, 5, 9, 12.3, '']"
209,サマータイムレコード,じん,"[3, 6, 8.7, 12.4, '']"
219,トリドリ⇒モリモリ！Lovely fruits☆,曲：やしきん／歌：柏木 美亜(CV：和氣 あず未),"[3, 6, 9.7, 12.5, 14.2]"
206,ダンスロボットダンス,ナユタン星人,"[3, 6, 10.4, 12.5, '']"
207,ギガンティックO.T.N,ギガ,"[3, 7, 10.7, 13.8, '']"
214,FREEDOM DiVE (tpz Overcute Remix),t+pazolite,"[4, 8, 11.9, 14.1, '']"
220,Lazy Addiction,sky_delta,"[3, 7, 11.6, 13.7, '']"
212,サドマミホリック,ビートまりお（COOL&CREATE）,"[4, 7, 10.7, 13.5, '']"
213,患部で止まってすぐ溶ける～狂気の優曇華院,ARM＋夕野ヨシミ (IOSYS) feat.miko,"[3, 7, 11, 13.4, '']"
222,Desperado Waltz,ぺのれり,"[3, 7.7, 12.7, 14.4, '']"
210,ブレス・ユア・ブレス,和田たけあき,"[2, 5, 8.7, 11.8, '']"
229,ウサテイ,あまね＋ビートまりお(COOL＆CREATE),"[3, 6, 11.7, 13.7, 0]"
230,全力ハッピーライフ,森羅万象,"[3, 7, 10.7, 13.4, '']"
231,レプリカの恋,幽閉サテライト,"[2, 5, 8, 12.2, '']"
232,"Help me, ERINNNNNN!!",ビートまりお（COOL&CREATE）,"[3, 6, 10.7, 12.7, '']"
233,銀のめぐり,SYNC.ART'S feat. 3L,"[3, 6, 9.7, 13.6, '']"
235,MAKING！ハイタッチ！,曲：山本恭平（Arte Refact）／歌：FIREシューターズ,"[2, 7, 9, 13, '']"
236,GEOMETRIC DANCE,山本真央樹,"[3, 7, 12.1, 14.6, '']"
234,インビジブル,kemu,"[3, 7, 12.2, 13.6, '']"
240,Imperishable Night 2006 (2016 Refine),ゆうゆ / 篠螺悠那,"[3, 7.7, 11.6, 14.2, '']"
237,未来の彼方,草津結衣奈(CV:高田憂希)、尖石内湾(CV:安齋由香里)「温泉むすめ」,"[2, 5, 8.7, 12.5, '']"
238,青春サイダー,SPRiNGS「温泉むすめ」,"[3, 6, 10.7, 13.1, '']"
239,Petit Etoile,petit corolla「温泉むすめ」,"[3, 7, 9.7, 13.5, '']"
241,彗星ハネムーン,ナユタン星人,"[2, 5, 8.7, 12.7, '']"
242,メーベル (self cover),バルーン,"[2, 5, 8, 12.1, '']"
244,ポケットからぬりつぶせ！,曲：中山真斗／歌：マーチングポケッツ [日向 千夏(CV：岡咲 美保)、柏木 美亜(CV：和氣 あず未)、東雲 つむぎ(CV：和泉 風花)],"[2, 5, 8.7, 12.3, '']"
245,Mini skirt,はるなば,"[3, 7, 12.2, 13.9, '']"
246,HONEY-Q,こふ,"[3, 7.7, 12, 13.7, '']"
243,ナイト・オブ・ナイツ (Cranky Remix),ビートまりお × Cranky,"[3, 7, 10.7, 13.6, '']"
247,SILENT BLUE,かねこちはる,"[4, 8.7, 12.1, 14.1, '']"
248,World Vanquisher,void (Mournfinale),"[4, 9, 11.9, 14.6, '']"
254,A Man In The Mirror,orangentle,"[4, 9, 13.6, 14.8, '']"
253,感情アクセラレイション,曲：矢鴇つかさ（Arte Refact）／歌：AQUAシューターズ,"[2, 6, 9, 13, '']"
252,デリヘル呼んだら君が来た,ナナホシ管弦楽団 ,"[3, 6, 10, 13.1, '']"
258,裏表ラバーズ,wowaka,"[3, 7.7, 11.3, 13.7, '']"
260,フィクサー,ぬゆり,"[2, 6, 9.7, 12.9, '']"
261,こどものしくみ,ピノキオピー,"[5, 7.7, 11, 12.9, '']"
265,Let's Starry Party！,曲：原田篤（Arte Refact）／歌：⊿TRiEDGE [高瀬 梨緒(CV：久保 ユリカ)、結城 莉玖(CV：朝日奈 丸佳)、藍原 椿(CV：橋本 ちなみ)],"[4, 7, 9.7, 12.8, '']"
263,Snow Fairy Story,40mP,"[2, 5, 8.7, 11.9, '']"
264,白い雪のプリンセスは,のぼる↑,"[3, 7, 10, 12.5, '']"
266,ジングルベル,[H.],"[3, 6, 8.7, 14, 13.9]"
267,Change Our MIRAI！ (Our 7 Lights),イロドリミドリ,"[3, 7, 11, 13, '']"
268,ライトスピード・デイズ,明坂 芹菜(CV:新田 恵海)＆小仏 凪(CV:佐倉 薫),"[3, 7, 10.4, 13.5, '']"
269,猫祭り,箱部 なる(CV:M・A・O),"[3, 6, 9, 12.8, '']"
270,Heart Cooking Recipe,曲：睦月周平／歌：LEAFシューターズ,"[3, 6, 10.4, 13.2, '']"
271,Honey Bear,Freezer,"[3, 6, 11, 13.7, '']"
272,"My Soul,Your Beats!",Lia「Angel Beats!」,"[2, 5, 9.7, 12.3, '']"
274,セツナトリップ,Last Note.,"[2, 6, 10.7, 13.2, '']"
275,ECHO,CIRCRUSH,"[2, 6, 10, 12.8, '']"
273,愛言葉Ⅲ,DECO*27,"[2, 6, 9.7, 12.6, '']"
277,ヒトリボッチサテライト,cosMo＠暴走P ver.Ø,"[4, 9, 12.6, 14.5, '']"
278,"Good bye, Merry-Go-Round.",Yooh,"[5, 9.7, 12.8, 14.9, '']"
281,地球最後の告白を,kemu,"[3, 7, 10.4, 13.3, '']"
282,Doll Judgment,ぬるはち,"[4, 7.7, 11.1, 13.7, '']"
283,しゅわスパ大作戦☆,SOUND HOLIC feat. Nana Takahashi,"[2, 6, 9, 13.2, '']"
286,Radiance,Nhato,"[3, 7, 11.5, 13.6, '']"
284,Duello,Cranky vs t+pazolite,"[4, 8, 12.5, 13.8, '']"
285,folern,ぬゆり,"[4, 8, 11.5, 14.3, '']"
287,shake it！,向日葵,"[2, 5, 8, 12.7, '']"
288,おねがいダーリン,ナナホシ管弦楽団 feat. 松下,"[3, 6, 9.7, 12.6, '']"
289,BOKUTO,じーざすP feat.kradness,"[3, 7, 11.3, 13.6, '']"
300,Splash Dance!!,曲：Q-MHz／歌：オンゲキシューターズ,"[3, 7, 10.7, 12.9, '']"
301,Sparkle,Maozon,"[2, 6, 11.8, 13.8, '']"
302,Last Kingdom,USAO,"[2, 7.7, 11.9, 13.9, '']"
303,Vibes 2k20,Sound Artz,"[3, 7.7, 12.7, 13.9, '']"
304,R'N'R Monsta,Lite Show Magic,"[4, 8, 12.3, 14, '']"
296,乙女解剖,DECO*27,"[2, 5, 8.7, 11.8, '']"
297,ドラマツルギー,Eve,"[2, 6, 9, 13.3, '']"
298,メルティランドナイトメア,はるまきごはん feat.初音ミク,"[2, 5, 9.7, 12.5, '']"
299,疾走あんさんぶる,ビートまりお（COOL&CREATE）,"[4, 7, 11.4, 13.6, '']"
307,Seyana. ～何でも言うことを聞いてくれるアカネチャン～,GYARI,"[3, 6, 10, 13.1, '']"
309,Dreadnought,Mastermind(xi+nora2r),"[4, 8, 11.6, 13.8, '']"
310,ホシノキズナ,神樹ヶ峰女学園星守クラス「バトルガール ハイスクール」,"[2, 5, 9, 12.1, '']"
312,アンドロイドガール,DECO*27,"[3, 7, 10.4, 12.7, '']"
314,撩乱乙女†無双劇,曲：Haggy Rock & 佐藤厚仁／歌：⊿TRiEDGE [高瀬 梨緒(CV：久保 ユリカ)、結城 莉玖(CV：朝日奈 丸佳)、藍原 椿(CV：橋本 ちなみ)],"[4, 7, 11.6, 13.3, '']"
315,Ai Drew,Feryquitous,"[4, 8, 12.3, 13.9, '']"
313,チェチェ・チェック・ワンツー！,和田たけあき(くらげP),"[3, 6, 10, 12.5, '']"
318,物凄い狂っとるフランちゃんが物凄いうた,Halozy feat. ななひら,"[3, 7, 11.1, 13.4, '']"
320,ぱくぱく☆がーる,曲：齋藤大／歌：珠洲島 有栖(CV：長縄 まりあ),"[2, 6, 9, 13, '']"
319,otorii INNOVATED -[i]3-,NAOKI underground,"[5, 9, 12.4, 14.7, '']"
321,DAWNBREAKER,DJ Noriken,"[3, 8, 11.8, 13.6, '']"
322,アマツカミ,a_hisa,"[4, 7, 11.5, 13.8, '']"
323,セガサターン起動音[H.][Remix],Hiro,"[0, 0, 0, 0, 0]"
324,進め！マイウェイ！,曲：篠崎あやと、橘亮祐／歌：マーチングポケッツ [日向 千夏(CV：岡咲 美保)、柏木 美亜(CV：和氣 あず未)、東雲 つむぎ(CV：和泉 風花)],"[2, 5, 9, 12.2, '']"
325,Galaxy Blaster,ああああ,"[5, 8, 12.3, 14.3, '']"
326,Trinity Departure,Soleily,"[3, 7, 12.1, 13.9, '']"
330,Catch the Wave,livetune,"[2, 6, 8.7, 12.7, '']"
327,ハッピータイフーン,KiRaRe「Re:ステージ！プリズムステップ」,"[2, 6, 9, 12.3, 14]"
328,Purple Rays,オルタンシア「Re:ステージ！プリズムステップ」,"[2, 5, 9, 12.6, '']"
329,Stage of Star,ステラマリス「Re:ステージ！プリズムステップ」,"[4, 6, 10, 13.3, '']"
336,夏色花火,"曲：穴山大輔, 水野健治／歌：藤沢 柚子(CV：久保田 梨沙)、早乙女 彩華(CV：中島 唯)","[1, 5, 8, 12.1, '']"
334,でらっくmaimai♪てんてこまい!,やしきん feat.でらっくま(CV:三森すずこ),"[3, 7, 10, 12.9, '']"
335,Summer is over,TORIENA,"[3, 7, 11.7, 13.8, '']"
337,Hand in Hand,livetune,"[2, 5, 8, 11.7, '']"
338,アンノウン・マザーグース,wowaka,"[4, 7, 11, 13.5, '']"
339,スイートマジック,ろん×Junky,"[2, 5, 8.7, 12.8, '']"
341,絆はずっとGrowing Up!!!,曲：原田篤（Arte Refact）／歌：ASTERISM [星咲 あかり(CV：赤尾 ひかる)、藤沢 柚子(CV：久保田 梨沙)、三角 葵(CV：春野 杏)],"[4, 6, 10, 12.6, '']"
342,AstrøNotes.,MisoilePunch♪,"[5, 8.7, 12.3, 14.7, '']"
340,超常マイマイン,ナユタン星人,"[3, 7, 10.7, 13.2, '']"
344,Air,SHIKI,"[3, 8, 12.2, 14.5, '']"
345,Destr0yer,削除 feat. Nikki Simmons,"[2, 7.7, 11.4, 13.7, '']"
348,ルナティックレッドアイズ,Innocent Key,"[3, 6, 10.7, 12.9, '']"
351,End Time,Cres.,"[4, 8, 13.2, 14.7, '']"
349,花たちに希望を,Sound piercer feat.DAZBEE,"[3, 7, 11.5, 13.5, '']"
350,ベースラインやってる？笑,かめりあ feat. ななひら,"[2, 5, 10, 13.4, '']"
354,Iudicium “Apocalypsis Mix”,曲：Powerless／歌：柏木 咲姫(CV：石見 舞菜香)、柏木 美亜(CV：和氣 あず未),"[3, 6, 11.4, 13.1, '']"
352,Genesis,Morrigan feat.Lily,"[3, 8, 12.4, 14.2, '']"
353,Glorious Crown (tpz over-Over-OVERCUTE REMIX),t+pazolite,"[5, 8.7, 12.9, 14.5, '']"
355,My First Phone,cubesato,"[0, 0, 0, 0, 14.8]"
356,luna blu,WASi303,"[0, 0, 0, 0, 14.6]"
358,スン(マイル)フラワー～Sun(Mile)Flower,曲：Funta7／歌：星咲 あかり(CV：赤尾 ひかる)、日向 千夏(CV：岡咲 美保),"[2, 7, 9, 12.7, '']"
357,ナンセンス文学,Eve,"[3, 6, 10.4, 13.3, '']"
361,ヒトガタ,HIMEHINA「バーチャルさんはみている」,"[2, 6, 9, 13.4, '']"
362,Singularity,technoplanet,"[5, 9, 13.5, 14.8, '']"
363,脳天直撃,黒沢ダイスケ VS 穴山大輔,"[5, 10, 13.4, 15.1, 0]"
365,スパッと！スパイ＆スパイス,ツキカゲ（安齋由香里，沼倉愛美，藤田茜，洲崎綾，のぐちゆり，内田彩）「RELEASE THE SPYCE」,"[2, 6, 10.7, 13.5, '']"
366,felys -final remix-,onoken,"[3, 8, 11.7, 14.1, '']"
368,PinqPiq (xovevox Remix),owl＊tree Remixed by sasakure.UK,"[3, 7, 12, 14.2, '']"
367,Jörqer,owl＊tree feat.yu＊tree,"[2, 5, 10.4, 13.5, '']"
376,だれかの心臓になれたなら,ユリイ・カノン feat.GUMI,"[2, 6, 9.7, 12.9, '']"
377,テオ,Omoi feat. 初音ミク,"[3, 7, 10.7, 12.9, '']"
378,ベノム,かいりきベア feat.flower,"[2, 6, 10.4, 12.8, '']"
379,ナイト・オブ・ナイツ (xi Remix),xi,"[4, 8, 11.9, 14, '']"
382,No Limit RED Force,曲：本多友紀（Arte Refact）／歌：オンゲキシューターズ,"[2, 6, 9, 12.4, 13.9]"
383,Glitter-Glitter,曲：睦月周平／歌：星咲 あかり(CV：赤尾 ひかる),"[2, 5, 10, 13, '']"
384,ウキウキ☆Candy!,曲：設楽哲也／歌：藤沢 柚子(CV：久保田 梨沙),"[2, 5, 10.7, 13.1, '']"
385,All Right!,曲：DJ Genki／歌：三角 葵(CV：春野 杏),"[3, 7.7, 11.5, 13.6, '']"
386,RED to RED,REDALiCE,"[4, 8, 12.2, 13.7, '']"
387,Daydreama,HiTECH NINJA,"[4, 8, 12, 14.1, '']"
388,Lostwizz,s-don,"[3, 7.7, 11.7, 13.7, '']"
389,Stargazing Dreamer,xi,"[5, 9.7, 13.4, 14.3, '']"
370,Forever Friends,AiRBLUE「CUE!」,"[3, 6, 9, 12.4, '']"
381,雷切-RAIKIRI-,kanone,"[3, 8, 12.7, 14.4, '']"
380,Sound Chimera,Laur,"[5, 8.7, 12.8, 14.2, '']"
390,STARTLINER -星咲 あかりソロver.-,曲：kz(livetune)／歌：星咲 あかり(CV：赤尾 ひかる),"[2, 5, 8.7, 11, '']"
391,STARTLINER -藤沢 柚子ソロver.-,曲：kz(livetune)／歌：藤沢 柚子(CV：久保田 梨沙),"[2, 5, 8.7, 11, '']"
392,STARTLINER -三角 葵ソロver.-,曲：kz(livetune)／歌：三角 葵(CV：春野 杏),"[2, 5, 8.7, 11, '']"
394,Oshama Scramble! (Cranky Remix),Cranky,"[4, 8, 11.6, 14.1, '']"
396,beautiful tomorrow,AiRBLUE「CUE!」,"[2, 6, 9.7, 12.2, '']"
402,反撃! 突撃! Back To Back!,曲：矢鴇つかさ & 脇眞富（Arte Refact）／歌：星咲 あかり(CV：赤尾 ひかる)、高瀬 梨緒(CV：久保 ユリカ),"[2, 7, 9.7, 13.1, '']"
400,Jack-the-Ripper◆,有形ランペイジ,"[5, 8, 12.1, 14.3, '']"
401,ツクヨミステップ,ユリイ・カノン feat.nameless,"[3, 7, 10.4, 13.5, '']"
405,宛城、炎上！！,Cranky feat.おもしろ三国志,"[5, 8, 12.5, 14.4, '']"
406,絶対にチョコミントを食べるアオイチャン,GYARI,"[3, 6, 10, 12.7, '']"
407,イカサマライフゲイム,kemu,"[4, 7, 11.3, 13.5, '']"
409,キミは“見ていたね”？,曲：篠崎あやと、橘亮祐／歌：結城 莉玖(CV：朝日奈 丸佳)、東雲 つむぎ(CV：和泉 風花),"[3, 6, 9, 12.4, '']"
410,LiftOff,MAYA AKAI,"[2, 8, 11.7, 14.1, '']"
408,名探偵連続殺人事件,てにをは,"[2, 6, 9, 12.5, '']"
412,Reach for the Stars,ソニック カラーズ,"[4, 7.7, 10.7, 13.8, '']"
411,ナイト・オブ・ナイツ (かめりあ’s“ワンス・アポン・ア・ナイト”Remix),かめりあ,"[4, 8, 12, 13.9, '']"
413,ヤミツキ,MARETU,"[3, 7.7, 11.5, 12.9, '']"
415,Over Voltage,曲：R・O・N／歌：高瀬 梨緒(CV：久保 ユリカ),"[3, 7, 9.7, 12.8, '']"
416,FLUFFY FLASH,Kobaryo,"[5, 9, 13.1, 14.7, '']"
417,Let's Starry Party！ -高瀬 梨緒ソロver.-,曲：原田篤（Arte Refact）／歌：高瀬 梨緒(CV：久保 ユリカ),"[4, 7, 9.7, 12.7, '']"
418,Let's Starry Party！ -結城 莉玖ソロver.-,曲：原田篤（Arte Refact）／歌：結城 莉玖(CV：朝日奈 丸佳),"[4, 7, 9.7, 12.7, '']"
419,Let's Starry Party！ -藍原 椿ソロver.-,曲：原田篤（Arte Refact）／歌：藍原 椿(CV：橋本 ちなみ),"[4, 7, 9.7, 12.7, '']"
420,聖少女サクリファイス,Silver Forest,"[3, 5, 9, 12.8, '']"
421,LOVERS,暁Records,"[3, 6, 10.4, 12.6, '']"
422,Satori ～3rd EyEs (2020 Recall),くっちー (DARKSIDE APPROACH),"[4, 7, 11.6, 14.2, '']"
423,Paranoia,DiGiTAL WiNG feat. 花たん,"[2, 6, 10.7, 13.4, '']"
424,愛されなくても君がいる,ピノキオピー,"[2, 6, 9.7, 12.5, '']"
425,Singularity,ETIA.「Arcaea」,"[4, 8, 11.5, 14.2, '']"
426,Grievous Lady,Team Grimoire vs Laur「Arcaea」,"[5, 9, 12.1, 14.4, '']"
427,迷える音色は恋の唄,からとPαnchii少年 feat.はるの「Arcaea」,"[3, 7.7, 11.4, 13.6, '']"
428,Burning Steel Inferno,水野健治 VS Kai「Wonderland Wars」,"[2, 7.7, 11, 13.5, '']"
429,Red and Blue and Green,fn(ArcaeaSoundTeam)「Arcaea」,"[0, 0, 0, 0, 0]"
432,YAMINABE☆PANIC ～ご馳走詰め込みフルコース～,曲：高木龍一(Dream Monster)／歌：三角 葵(CV：春野 杏)、桜井 春菜(CV：近藤 玲奈)、珠洲島 有栖(CV：長縄 まりあ),"[4, 7.7, 10, 13.3, '']"
430,ビターチョコデコレーション,syudou,"[3, 7, 9.7, 12.5, '']"
431,ウミユリ海底譚,n-buna,"[2, 6, 9.7, 12.5, '']"
433,Falsum Atlantis.,kanone,"[4, 9, 13.3, 14.9, '']"
434,Don't Fight The Music,黒魔,"[5, 9.7, 13.4, 14.9, '']"
435,タイムマシン,1640mP（164×40mP） / 初音ミク / Leo/need「プロジェクトセカイ カラフルステージ！ feat. 初音ミク」,"[2, 5, 9, 12.1, '']"
436,ツギハギスタッカート,とあ / 初音ミク / MORE MORE JUMP!「プロジェクトセカイ カラフルステージ！ feat. 初音ミク」,"[2, 5, 9, 12.7, '']"
437,Climax,USAO,"[4, 8, 11.8, 14.5, '']"
438,STORIA,トロワアンジュ「Re:ステージ！プリズムステップ」,"[4, 6, 10, 13.1, '']"
439,カナリア,テトラルキア「Re:ステージ！プリズムステップ」,"[3, 7.7, 11.4, 14.1, '']"
440,太陽系デスコ,ナユタン星人,"[2, 5, 9, 12.3, '']"
441,天狗の落とし文 feat. ｙｔｒ,魂音泉,"[2, 6, 10.7, 13.5, 14.9]"
442,明星ロケット,岸田教団＆THE明星ロケッツ,"[3, 6, 9, 12.8, '']"
444,Kiss Me Kiss -桜井 春菜ソロver.-,曲：大畑拓也／歌：桜井 春菜(CV：近藤 玲奈),"[2, 6, 9.7, 12.7, '']"
445,Kiss Me Kiss -早乙女 彩華ソロver.-,曲：大畑拓也／歌：早乙女 彩華(CV：中島 唯),"[2, 6, 9.7, 12.7, '']"
446,クライングハート,"パトリシア・オブ・エンド, ルーシア・オブ・エンド・サクラメント, ユウラシア・オブ・エンド「ノラと皇女と野良猫ハート2」","[3, 6, 9.7, 12.3, '']"
443,fulgente (flip-side color mix),穴山大輔,"[3, 8.7, 11.8, 13.5, '']"
447,吉原ラメント,亜沙,"[3, 7, 10.7, 13.1, '']"
448,スクランブル交際,DECO*27,"[2, 7.7, 10, 13, '']"
449,"Ruler Count, Zero",曲：本多友紀（Arte Refact）／歌：R.B.P. [九條 楓(CV：佳村 はるか)、逢坂 茜(CV：大空 直美)、珠洲島 有栖(CV：長縄 まりあ)],"[3, 8, 11.7, 13.9, '']"
450,Say Goodbye,yaseta,"[2, 7, 10.7, 13.6, '']"
452,命に嫌われている,カンザキイオリ,"[4, 7, 10.7, 12.7, '']"
451,だから僕は音楽を辞めた,ヨルシカ,"[2, 5, 9, 12.9, '']"
456,Bad Apple!! feat.nomico (豚乙女 Ver.),豚乙女,"[2, 7, 9.7, 13.6, '']"
457,See The Light,anubasu-anubasu,"[2, 7.7, 12.5, 14.3, '']"
458,美夜月鏡,かゆき,"[5, 9, 13, 14.4, '']"
461,larva,ガリガリさむし,"[4, 9, 12.7, 14.7, '']"
459,藍の華,HIMEHINA,"[4, 7.7, 10.7, 13.7, '']"
460,サクライロフワリ,カラフル・サウンズ・ポート,"[2, 5, 9.7, 13, '']"
462,Viyella's Scream,Laur,"[5, 9, 13.2, 14.9, '']"
469,ワールズエンド・ダンスホール,wowaka,"[3, 7, 10.7, 13.3, '']"
471,Henceforth,Orangestar,"[3, 6, 10.4, 12.2, '']"
472,ロストワードクロニカル,東方LostWord feat.いとうかなこ,"[3, 7, 11.2, 13.5, '']"
473,Altale,削除,"[3, 7, 10.7, 14.2, '']"
474,BBBLOW -rebuild-,onoken feat. 佐々木正明,"[3, 7, 10.7, 14, '']"
475,QZKago Requiem,t+pazolite,"[5, 9.7, 13, 14.8, '']"
476,STARRED HEART,曲：広川恵一 (MONACA)／歌：オンゲキシューターズ,"[2, 6, 11, 12.8, 11.2]"
477,最っ高のエンタメだ!!,曲：本田正樹(Dream Monster)／歌：7EVENDAYS⇔HOLIDAYS [井之原 小星(CV：ももの はるな)、柏木 咲姫(CV：石見 舞菜香)],"[5, 7.7, 12.1, 13.8, '']"
478,Random Access Emotions,aran,"[3, 8, 11.5, 13.6, 0]"
479,A Day in the Patisserie,kamome sano,"[4, 8, 12.2, 13.8, '']"
480,Daredevil Glaive,Artifact,"[4, 8, 11.4, 14.1, '']"
481,Adverse Gaff,siromaru,"[4, 9, 12.1, 14.7, '']"
483,ポケットからぬりつぶせ！ -日向 千夏ソロver.-,曲：中山真斗／歌：日向 千夏(CV：岡咲 美保),"[2, 5, 8.7, 12, '']"
484,ポケットからぬりつぶせ！ -柏木 美亜ソロver.-,曲：中山真斗／歌：柏木 美亜(CV：和氣 あず未),"[2, 5, 8.7, 12, '']"
485,ポケットからぬりつぶせ！ -東雲 つむぎソロver.-,曲：中山真斗／歌：東雲 つむぎ(CV：和泉 風花),"[2, 5, 8.7, 12, '']"
486,Fly to the Leaden Sky -O.N.G.E.K.I. MIX-,原曲：並木 学「バトルガレッガ(AC)」,"[0, 0, 0, 0, 14]"
487,Singularity,SEGA SOUND STAFF「セガNET麻雀 MJ」,"[3, 7, 11.7, 14.1, '']"
488,セガNET麻雀MJ -O.N.G.E.K.I. MIX-,SEGA SOUND STAFF「セガNET麻雀 MJ」,"[0, 0, 0, 0, 14.2]"
489,BATTLE NO.1,TANO*C Sound Team,"[5, 9, 13.3, 14.6, '']"
491,Virtual to LIVE,にじさんじ,"[3, 6, 9, 13.1, '']"
492,シャッキーーン！！,黒魔,"[3, 8, 11.8, 14, '']"
493,ラクガキスト,cosMo＠暴走P,"[4, 9, 12, 14.6, '']"
494,ボッカデラベリタ,柊キライ,"[4, 7, 10.7, 13.4, '']"
495,あの世行きのバスに乗ってさらば。,ツユ,"[2, 7, 10.4, 12.9, '']"
498,無敵のフロンティア三銃士,曲：本田正樹(Dream Monster)／歌：三角 葵(CV：春野 杏)、九條 楓(CV：佳村 はるか)、日向 千夏(CV：岡咲 美保),"[3, 7.7, 10, 13.2, '']"
499,colorful transparency,zts,"[2, 8, 12.5, 13.9, '']"
496,僕たちの旅とエピローグ。,ああああ,"[4, 8.7, 11.6, 13.7, '']"
497,四月の雨,cubesato,"[1, 7, 11.7, 13.9, '']"
502,シアワセうさぎ・ぺこみこマリン,COOL&CREATE × 兎田ぺこら、さくらみこ、宝鐘マリン,"[2, 6, 10, 12.8, '']"
503,めんどーい！やっほーい！ともだち！  -井之原 小星ソロver.-,曲：前山田健一／歌：井之原 小星(CV：ももの はるな),"[3, 6, 9.7, 12, '']"
504,めんどーい！やっほーい！ともだち！  -柏木 咲姫ソロver.-,曲：前山田健一／歌：柏木 咲姫(CV：石見 舞菜香),"[3, 6, 9.7, 12, '']"
506,夜咄ディセイブ,じん,"[2, 7.7, 11.2, 13.7, '']"
507,ラストリゾート,Ayase,"[2, 6, 10, 13.2, '']"
509,c.s.q.n.,Aoi,"[3, 8, 11.8, 14.1, '']"
510,Amphisbaena,光吉猛修の兄,"[4, 8, 12.5, 14.4, '']"
511,give it up to you,曲：中土智博／歌：bitter flavor [桜井 春菜(CV：近藤 玲奈)、早乙女 彩華(CV：中島 唯)],"[3, 6, 11, 13.1, '']"
512,Pastel Sprinkles,pan,"[4, 8, 12.2, 13.8, '']"
513,Cult future,LV.4,"[5, 8.7, 13.4, 14.9, '']"
516,Secret Sleuth,島爺×蜂屋ななし,"[2, 7.7, 12.1, 13.8, '']"
517,バイオレンストリガー,八王子P「#コンパス」,"[4, 7.7, 10.7, 13.3, '']"
518,アルカリレットウセイ,かいりきベア「#コンパス」,"[3, 6, 9, 12.3, '']"
519,キレキャリオン,ポリスピカデリー「#コンパス」,"[3, 6, 10.4, 12.7, '']"
520,撥条少女時計,Drop & 葉月ゆら「#コンパス」,"[2, 7.7, 10.7, 13.8, '']"
522,シンデレラディスコ,曲：橘亮祐、篠崎あやと／歌：藍原 椿(CV：橋本 ちなみ)、早乙女 彩華(CV：中島 唯),"[2, 7, 10.4, 13.1, '']"
523,ジャンヌ・ダルクの慟哭,ガリガリさむし,"[5, 8.7, 13.1, 14.3, '']"
521,Once in my life,Junk feat.nananao,"[2, 5, 10.7, 13.6, '']"
524,ネガティブ進化論,DECO*27,"[2, 6, 9.7, 12.9, '']"
525,猫猫的宇宙論,ナユタン星人,"[2, 5, 9, 12.7, '']"
528,Love & Justice,BACO,"[4, 8, 12.6, 14.7, '']"
527,とても素敵な六月でした,Eight / FantasticYouth,"[4, 7, 10.4, 12.9, '']"
529,MEGATON BLAST (tpz Overcute Remix),t+pazolite,"[4, 8, 12.7, 13.8, '']"
530,"Ruler Count, Zero -逢坂 茜ソロver.-",曲：本多友紀（Arte Refact）／歌：逢坂 茜(CV：大空 直美),"[3, 8, 11.7, 13.7, '']"
531,"Ruler Count, Zero -九條 楓ソロver.-",曲：本多友紀（Arte Refact）／歌：九條 楓(CV：佳村 はるか),"[3, 8, 11.7, 13.7, '']"
532,"Ruler Count, Zero -珠洲島 有栖ソロver.-",曲：本多友紀（Arte Refact）／歌：珠洲島 有栖(CV：長縄 まりあ),"[3, 8, 11.7, 13.7, '']"
542,レーイレーイ ～超絶最強アメちゃん Mix～,曲：かいりきベア／歌：高瀬 梨緒(CV：久保 ユリカ)、藤沢 柚子(CV：久保田 梨沙),"[4, 7, 10, 12.9, '']"
538,STAR,SEXY-SYNTHESIZER,"[2, 6, 10, 13.5, '']"
539,Rendezvous,Crusher-P,"[2, 7.7, 10.4, 12.8, '']"
540,Xevel,Tatsh,"[4, 8.7, 12.2, 14.7, '']"
534,アカリがやってきたぞっ,GYARI,"[2, 6, 10, 13, '']"
535,幾望の月,なきゃむりゃ,"[4, 7, 10.7, 13.5, '']"
536,Bad Apple!! feat.nomico (Camellia’s “Bad Psy” Remix),かめりあ,"[3, 8, 11.4, 13.8, '']"
537,DRAGONLADY,Nankumo,"[3, 8, 12.1, 14.3, '']"
541,Supersonic Generation,Massive New Krew,"[3, 8, 12.3, 14.3, '']"
543,macrocosmos,LeaF,"[0, 0, 0, 0, 14.9]"
545,おやすみのうた,曲：山本恭平（Arte Refact）／歌：井之原 小星(CV：ももの はるな),"[4, 8, 11, 13.4, '']"
546,MAGNETAR GIRL,Yu-dachi,"[3, 8.7, 12.7, 14.5, '']"
544,U ARE,MK&Kanae Asaba,"[2, 8, 11.6, 13.8, '']"
547,Splash Dance!! -星咲 あかりソロver.-,曲：Q-MHz／歌：星咲 あかり(CV：赤尾 ひかる),"[3, 7, 10.7, 12.7, '']"
548,Splash Dance!! -高瀬 梨緒ソロver.-,曲：Q-MHz／歌：高瀬 梨緒(CV：久保 ユリカ),"[3, 7, 10.7, 12.7, '']"
549,Splash Dance!! -桜井 春菜ソロver.-,曲：Q-MHz／歌：桜井 春菜(CV：近藤 玲奈),"[3, 7, 10.7, 12.7, '']"
550,Splash Dance!! -井之原 小星ソロver.-,曲：Q-MHz／歌：井之原 小星(CV：ももの はるな),"[3, 7, 10.7, 12.7, '']"
551,Splash Dance!! -日向 千夏ソロver.-,曲：Q-MHz／歌：日向 千夏(CV：岡咲 美保),"[3, 7, 10.7, 12.7, '']"
552,ネクストネスト,さつき が てんこもり feat. 初音ミク,"[2, 5, 9, 13, '']"
554,TiamaT：F minor,Team Grimoire,"[5, 9.7, 13.1, 14.8, '']"
555,LUNA DIAL -Version X-SAKUYA-,激戦の人,"[3, 7, 11.7, 13.9, '']"
557,Weekend Clock,XL Project,"[2, 5, 9, 12.7, '']"
556,Nowhere Girl,あ～るの～と（いえろ～ぜぶら）,"[2, 5, 9, 12.6, '']"
558,悪戯センセーション,森羅万象,"[3, 7.7, 10.7, 13.4, '']"
561,My precious holiday,曲：篠崎あやと、橘亮祐／歌：桜井 春菜(CV：近藤 玲奈),"[2, 6, 10.4, 13.3, '']"
560,エータ・ベータ・イータ,ルゼ,"[4, 8, 12.6, 14.6, '']"
563,その群青が愛しかったようだった,n-buna feat.ヤギヌマカナ,"[4, 8, 10.4, 12.7, '']"
565,Re：End of a Dream,uma vs. モリモリあつし,"[5, 9, 12.7, 14.8, '']"
566,Starring Stars -星咲 あかりソロver.-,曲：馬渕直純／歌：星咲 あかり(CV：赤尾 ひかる),"[4, 6, 9, 12, '']"
567,Starring Stars -藤沢 柚子ソロver.-,曲：馬渕直純／歌：藤沢 柚子(CV：久保田 梨沙),"[4, 6, 9, 12, '']"
568,Starring Stars -三角 葵ソロver.-,曲：馬渕直純／歌：三角 葵(CV：春野 杏),"[4, 6, 9, 12, '']"
569,レイル・ロマネスク ハチロクver.,ハチロク「まいてつ」,"[1, 5, 8.7, 12, '']"
571,CO5M1C R4ILR0AD,kanone,"[3, 8, 11.6, 13.8, '']"
570,空奏列車,Orangestar,"[3, 7, 10, 12.3, '']"
572,GODLINESS,曲：椿山日南子／歌：皇城 セツナ(CV：八巻 アンナ),"[4, 8.7, 12.2, 14, 14.9]"
573,LAMIA,BlackY,"[6, 10, 13.8, 15.4, 0]"
574,Apollo,TJ.hangneil,"[6, 10.4, 13.7, 15.4, '']"
575,おはようジャポニカ,SPicA「温泉むすめ」,"[2, 7, 9.7, 12.8, '']"
576,あ・り・ま・す・か？,温泉むすめ 有馬楓花（CV:桑原由気）「温泉むすめ」,"[2, 6, 10, 14.2, 0]"
577,ニニ,テヅカ x Qayo,"[3, 8, 11.7, 13.8, '']"
578,風に乗せた願い,豚乙女,"[3, 7, 9.7, 13.5, '']"
579,断罪は遍く人間の元に,Unlucky Morpheus,"[3, 8, 11.3, 13.8, '']"
581,蛙石,舞風-Maikaze,"[2, 6, 9, 12.9, 0]"
580,ケロ⑨destiny,Silver Forest,"[3, 6, 10, 13.1, '']"
582,ENERGY SYNERGY MATRIX,Tanchiky,"[2, 8, 11.9, 14, '']"
583,カラッポ・ノンフィクション,Ino(chronoize) feat. 柳瀬マサキ,"[3, 8, 10, 13.2, '']"
584,Burning Hearts ～炎のANGEL～,光吉猛修「バーニングレンジャー」,"[2, 7, 9.7, 12.7, '']"
585,なんどでも笑おう,THE IDOLM@STER FIVE STARS!!!!!「アイドルマスター」シリーズ,"[2, 5, 8, 11.3, '']"
586,Hide & Attack,ストレイライト「アイドルマスター シャイニーカラーズ」,"[3, 6, 9.7, 12.6, 13.7]"
587,よんでミラクるん!,魔女っ娘ミラクるん（CV：竹達彩奈）「ゆるゆり♪♪」,"[4, 7, 9.7, 12.9, '']"
588,NEXT COLOR PLANET,星街すいせい(ホロライブ),"[2, 7, 10, 13.2, '']"
589,花ハ踊レヤいろはにほ,チーム“ハナヤマタ”「ハナヤマタ」,"[2, 5, 9.7, 12.9, '']"
590,うっせぇわ,Ado,"[3, 7, 10, 12.8, '']"
591,春を告げる,yama,"[2, 5, 9, 13.5, '']"
592,KING,Kanaria,"[2, 6, 9, 12.7, '']"
593,ダーリンダンス,かいりきベア,"[2, 6, 10.4, 13.3, '']"
594,恋愛裁判,40mP,"[2, 6, 9, 12.3, '']"
598,Dement ～after legend～,Cosmograph,"[4, 9, 11.4, 13.8, '']"
596,色は匂へど散りぬるを,幽閉サテライト,"[2, 5, 9.7, 12.5, '']"
599,Last Celebration,Laur vs CK,"[5, 8.7, 12.4, 14.7, '']"
600,TEmPTaTiON,かねこちはる,"[4, 8.7, 12.9, 14.5, '']"
601,Transcend Lights,曲：小高光太郎／歌：オンゲキシューターズ,"[2, 7, 10, 12.5, 14.2]"
602,Happiness on the Table,曲：原田篤（Arte Refact）／歌：柏木 咲姫(CV：石見 舞菜香),"[1, 5, 8, 12, '']"
603,花時は夢を見る。,曲：ラムシーニ／歌：藍原 椿(CV：橋本 ちなみ),"[3, 7.7, 9, 13.1, '']"
604,ゲーミングポーラーベア,OSTER project,"[5, 8, 11.4, 13.8, '']"
605,Elusive Emotes,polysha,"[2, 8, 11.4, 14.1, '']"
606,ミラージュ・フレイグランス,Sound piercer “Espitz”,"[4, 9, 12.8, 14.5, '']"
607,SUPER AMBULANCE,AJURIKA,"[5, 9.7, 12.9, 14.7, '']"
595,ジャンキーナイトタウンオーケストラ,すりぃ feat.鏡音レン,"[2, 7.7, 11.2, 13.6, '']"
608,No Limit RED Force -星咲 あかりソロver.-,曲：本多友紀（Arte Refact）／歌：星咲 あかり(CV：赤尾 ひかる),"[2, 6, 9, 12, '']"
609,No Limit RED Force -藍原 椿ソロver.-,曲：本多友紀（Arte Refact）／歌：藍原 椿(CV：橋本 ちなみ),"[2, 6, 9, 12, '']"
610,No Limit RED Force -早乙女 彩華ソロver.-,曲：本多友紀（Arte Refact）／歌：早乙女 彩華(CV：中島 唯),"[2, 6, 9, 12, '']"
611,No Limit RED Force -柏木 咲姫ソロver.-,曲：本多友紀（Arte Refact）／歌：柏木 咲姫(CV：石見 舞菜香),"[2, 6, 9, 12, '']"
612,No Limit RED Force -柏木 美亜ソロver.-,曲：本多友紀（Arte Refact）／歌：柏木 美亜(CV：和氣 あず未),"[2, 6, 9, 12, '']"
613,最終鬼畜全部声,ビートまりお（COOL&CREATE）,"[0, 0, 0, 0, 14.3]"
614,竹,立秋 feat. ちょこ,"[6, 8.7, 12.4, 14.2, '']"
615,Cutter,EmoCosine,"[3, 8, 11.1, 13.6, '']"
616,Psalms ～魂の還るばしょ～,qfeileadh&レゾナンスもえこ,"[1, 6, 10.7, 12.9, '']"
617,エッビーナースデイ,名取さな,"[4, 7, 9, 12.4, '']"
618,アマカミサマ,名取さな,"[3, 7, 10.4, 12.7, '']"
619,ハッピーエンドをはじめから,リゼ・ヘルエスタ,"[3, 7, 10, 13.2, '']"
620,ぶいちゅっばの歌,周防パトラ,"[2, 6, 10.7, 13.7, '']"
621,Y.Y.Y.計画!!!! -逢坂 茜ソロver.-,曲：烏屋茶房／歌：逢坂 茜(CV：大空 直美),"[3, 7, 9.7, 12, '']"
622,Y.Y.Y.計画!!!! -九條 楓ソロver.-,曲：烏屋茶房／歌：九條 楓(CV：佳村 はるか),"[3, 7, 9.7, 12, '']"
623,Y.Y.Y.計画!!!! -珠洲島 有栖ソロver.-,曲：烏屋茶房／歌：珠洲島 有栖(CV：長縄 まりあ),"[3, 7, 9.7, 12, '']"
624,Catch Me If You Can,曲：TAKU INOUE／歌：早乙女 彩華(CV：中島 唯),"[2, 7.7, 10, 13.5, '']"
625,Skip & Smile!!,梅干茶漬け,"[5, 8, 11.2, 13.3, '']"
626,μάγια,Street,"[5, 9, 12.3, 14.6, '']"
627,初音天地開闢神話,cosMo＠暴走P,"[5, 8, 11.3, 13.9, '']"
628,39みゅーじっく！,みきとP,"[2, 6, 9.7, 12.9, '']"
633,Mizutama-Tripster,こふ,"[2, 7, 10.4, 13.8, '']"
632,ぽかぽか温泉音頭,曲：橘亮祐、篠崎あやと／歌：三角 葵(CV：春野 杏)、逢坂 茜(CV：大空 直美)、日向 千夏(CV：岡咲 美保),"[2, 7, 9, 12.7, '']"
629,うぇるかむ to ONSEN!!,温泉むすめ 道後泉海（CV:篠田みなみ）「温泉むすめ」,"[2, 6, 9, 12.2, '']"
630,足立オウフwwww,笑う角を曲がる,"[3, 8, 11, 13.8, '']"
631,福宿音屋魂音泉,魂音泉,"[2, 7, 10, 13.4, '']"
634,永遠にゲームで対戦したいキリタン,GYARI,"[2, 6, 10.7, 12.9, '']"
635,電脳少女は歌姫の夢を見るか？,デスおはぎ,"[4, 7, 11.6, 13.5, '']"
636,泥の分際で私だけの大切を奪おうだなんて,ツユ,"[4, 7, 9, 13.1, '']"
637,無敵のフロンティア三銃士 -三角 葵ソロver.-,曲：本田正樹(Dream Monster)／歌：三角 葵(CV：春野 杏),"[3, 7.7, 10, 13, '']"
638,無敵のフロンティア三銃士 -九條 楓ソロver.-,曲：本田正樹(Dream Monster)／歌：九條 楓(CV：佳村 はるか),"[3, 7.7, 10, 13, '']"
639,無敵のフロンティア三銃士 -日向 千夏ソロver.-,曲：本田正樹(Dream Monster)／歌：日向 千夏(CV：岡咲 美保),"[3, 7.7, 10, 13, '']"
642,MANIERA REMASTERED,ABE_YUTA,"[5, 9.7, 13.5, 14.9, '']"
640,"700,000,000,000,000,000,000,000の空で",LiGHTs「ラピスリライツ」,"[2, 5, 9, 12.5, '']"
641,シャノワール,シュガーポケッツ「ラピスリライツ」,"[2, 5, 9.7, 12.7, '']"
643,お空のニュークリアフュージョン道場,ARM＋夕野ヨシミ (IOSYS) feat. 藤枝あかね,"[2, 7.7, 10.4, 13.4, '']"
644,Everything Will Freeze,UNDEAD CORPORATION,"[5, 9, 12.9, 14.4, '']"
645,rePrayer,Aliesrite* (Ym1024 feat. lamie*),"[2, 8, 10.4, 13.5, '']"
646,Shamshir -rough Pt.2-,mommy,"[6, 9, 13.1, 14.8, '']"
647,RELOAD,sky_delta,"[3, 8.7, 12.5, 14.7, '']"
649,White Magic Night!,曲：矢鴇つかさ（Arte Refact）／歌：桜井 春菜(CV：近藤 玲奈)、柏木 咲姫(CV：石見 舞菜香),"[2, 6, 9, 12, '']"
650,天つ風,onoken feat. 土屋雄作,"[3, 7, 11.7, 13.3, '']"
648,Party 4U ''holy nite mix'',Cranky,"[3, 8, 11.3, 13.4, '']"
655,Showguts,Ninja Action Team,"[3, 9, 12, 14.5, '']"
651,はっぴぃ にゅう にゃあ,芹沢文乃（伊藤かな恵）＆梅ノ森千世（井口裕香）＆霧谷希（竹達彩奈）,"[3, 7, 10, 13.6, '']"
652,セカイはまだ始まってすらいない,ピノキオピー / 初音ミク / ワンダーランズ×ショウタイム「プロジェクトセカイ カラフルステージ！ feat. 初音ミク」,"[2, 6, 9, 12.4, '']"
653,悔やむと書いてミライ,まふまふ / 初音ミク / 25時、ナイトコードで。「プロジェクトセカイ カラフルステージ！ feat. 初音ミク」,"[4, 7.7, 10.4, 12.8, '']"
654,Ready Steady,Giga / 初音ミク / Vivid BAD SQUAD「プロジェクトセカイ カラフルステージ！ feat. 初音ミク」,"[2, 7, 10, 13, '']"
656,Heart Cooking Recipe -藤沢 柚子ソロver.-,曲：睦月周平／歌：藤沢 柚子(CV：久保田 梨沙),"[3, 6, 10, 13, '']"
657,Heart Cooking Recipe -井之原 小星ソロver.-,曲：睦月周平／歌：井之原 小星(CV：ももの はるな),"[3, 6, 10, 13, '']"
658,Heart Cooking Recipe -九條 楓ソロver.-,曲：睦月周平／歌：九條 楓(CV：佳村 はるか),"[3, 6, 10, 13, '']"
661,B WiZ U,Getty,"[4, 9, 12.5, 14.2, '']"
662,Diamond Dust,Masahiro “Godspeed” Aoki,"[5, 9.7, 13.6, 14.9, '']"
659,I got a gig tonight!,曲：大熊淳生（Arte Refact）／歌：結城 莉玖(CV：朝日奈 丸佳),"[3, 8, 10.7, 13.7, '']"
660,いつか花咲くその前に,曲：Kensuke／歌：逢坂 茜(CV：大空 直美)、藍原 椿(CV：橋本 ちなみ),"[4, 7.7, 11, 13.4, '']"
663,セカイ,DECO*27 × 堀江晶太(kemu) / 初音ミク、星乃一歌、天馬司、宵崎奏「プロジェクトセカイ カラフルステージ！ feat. 初音ミク」,"[2, 6, 9, 12.4, '']"
664,ワーワーワールド,Giga & Mitchie M / 初音ミク、花里みのり、小豆沢こはね「プロジェクトセカイ カラフルステージ！ feat. 初音ミク」,"[3, 6, 9.7, 13.3, '']"
665,君のStarlight Road,セイネ (CV: 河上英里子) 「グルーヴコースター」,"[3, 7, 10, 11.9, '']"
666,STARLIGHT TWILIGHT -GC edit-,Tatsh feat.彩音「グルーヴコースター」,"[2, 7, 10, 13.8, '']"
667,2112410403927243233368,253215「グルーヴコースター」,"[4, 8.7, 12.1, 14.3, '']"
668,Crimson Phoenix,xi vs MASAKI「グルーヴコースター」,"[4, 9, 13, 14.8, '']"
669,The world of spirit,土屋昇平(ZUNTATA)「ダライアスバースト」,"[0, 0, 0, 0, 13.8]"
672,Handmade Good Day,曲：矢鴇つかさ（Arte Refact）／歌：珠洲島 有栖(CV：長縄 まりあ)、皇城 セツナ(CV：八巻 アンナ),"[3, 6, 9.7, 12.3, '']"
671,CHOCOLATE BOMB!!!!,YUC'e,"[4, 8, 11.7, 13.8, '']"
670,腐れ外道とチョコレゐト,ピノキオピー,"[2, 8, 10.7, 13.7, '']"
673,Suspiro,とろまる,"[3, 8, 11.8, 13.9, '']"
674,キミは“見ていたね”？ -結城 莉玖ソロver.-,曲：篠崎あやと、橘亮祐／歌：結城 莉玖(CV：朝日奈 丸佳),"[3, 6, 9, 12, '']"
675,キミは“見ていたね”？ -東雲 つむぎソロver.-,曲：篠崎あやと、橘亮祐／歌：東雲 つむぎ(CV：和泉 風花),"[3, 6, 9, 12, '']"
676,give it up to you -桜井 春菜ソロver.-,曲：中土智博／歌：桜井 春菜(CV：近藤 玲奈),"[3, 6, 11, 13, '']"
677,give it up to you -早乙女 彩華ソロver.-,曲：中土智博／歌：早乙女 彩華(CV：中島 唯),"[3, 6, 11, 13, '']"
678,ミライメモリーズ！,為栗メロ（CV:会沢紗弥）新阪ルナ（CV:香里有佐）恋浜みろく（CV:柳原かなこ）「駅メモ！ - ステーションメモリーズ！-」,"[2, 6, 9, 12.6, '']"
679,霧の書斎,igel,"[3, 7.7, 10.7, 14.4, '']"
680,Magical Panic Adventure,削除,"[5, 10, 13.5, 15.1, '']"
681,私たち、四季を遊ぶんです！！,Re:STAGE! ALL IDOL「Re:ステージ！プリズムステップ」,"[2, 7, 9.7, 12.9, 14.2]"
682,"Like the Sun, Like the Moon",ステラマリス「Re:ステージ！プリズムステップ」,"[3, 7, 10.7, 12.9, '']"
683,せーので跳べって言ってんの！,本城香澄（CV：岩橋由佳）「Re:ステージ！プリズムステップ」,"[4, 7, 10, 13.7, '']"
686,BABYLON,SHIKI,"[3, 8, 12.6, 13.9, '']"
684,エピトゥリカの祀,sasakure.UK,"[2, 8, 11.7, 13.9, '']"
685,Velaciela (Hyper Mix),naotyu-,"[2, 8, 10.7, 13.4, '']"
713,涙隠しておんな道,曲：橘亮祐、篠崎あやと／歌：九條 楓(CV：佳村 はるか),"[1, 5, 9.7, 12.5, '']"
720,Op.I《fear-TITΛN-》,xi vs かねこちはる,"[6, 10, 13.8, 15.1, '']"
696,回転 feat.あやぽんず＊,森羅万象,"[3, 6, 10, 12.7, '']"
695,神々が恋した幻想郷,Unlucky Morpheus,"[3, 8, 11.1, 14, '']"
701,Island Breeze,Palme,"[2, 7, 12.5, 13.3, '']"
690,HEAVEN'S RAVE,AXiS「Tokyo 7th シスターズ」,"[2, 6, 11.2, 13.8, '']"
694,幽霊東京,Ayase,"[2, 6, 9, 12.2, '']"
687,リテラチュア,上田麗奈「魔女の旅々」,"[1, 5, 9, 12.7, '']"
691,ヒステリックナイトガール,PSYQUI,"[2, 6, 9.7, 13.2, '']"
692,金木犀 feat.Ado,くじら,"[2, 6, 9, 12.7, '']"
700,Butterfly Wave,曲：馬渕直純／歌：3年生シューターズ,"[2, 7, 10.7, 13.5, '']"
715,YURUSHITE (LeaF Remix),t+pazolite / LeaF,"[4, 8, 12, 14.1, '']"
689,うまぴょい伝説,スペシャルウィーク （CV.和氣あず未）、サイレンススズカ （CV.高野麻里佳）、トウカイテイオー （CV.Machico）,"[3, 6, 9, 12.4, 13.7]"
699,Alea jacta est!,BlackY fused with WAiKURO,"[3, 9, 12.3, 14.7, '']"
697,8OROCHI,REDALiCE「太鼓の達人」,"[4, 8, 12.4, 14.5, '']"
698,FREEDOM DiVE,xi,"[5, 9.7, 13.3, 14.9, '']"
702,ICEBURN,Srav3R,"[4, 8.7, 11.9, 14, '']"
703,Knocking Harder,Massive New Krew,"[3, 8.7, 12.4, 14.1, '']"
704,Final Flash Flight,かめりあ,"[4, 9.7, 12.8, 14.7, '']"
717,Princesses Holiday,pan,"[2, 8, 12.3, 14, '']"
718,まりもとおもちゃ箱,やどりぎ,"[3, 8, 11.1, 13.8, '']"
719,其のエメラルドを見よ,庭師,"[5, 10.4, 13.4, 14.7, '']"
712,UTOPIA CRASH,曲：本多友紀（Arte Refact）／歌：逢坂 茜(CV：大空 直美),"[3, 7.7, 10.7, 13.8, '']"
714,FANTASY BABY,曲：Tomggg／歌：珠洲島 有栖(CV：長縄 まりあ),"[4, 7.7, 10.4, 12.9, '']"
716,Girl's Party Planet!,曲：山本恭平（Arte Refact）／歌：桜井 春菜(CV：近藤 玲奈)、早乙女 彩華(CV：中島 唯)、井之原 小星(CV：ももの はるな)、柏木 咲姫(CV：石見 舞菜香),"[1, 6, 10, 12.4, '']"
693,Let Me Know (feat. Masayoshi Iimori),電音部、鳳凰火凛 (CV: 健屋花那)、瀬戸海月 (CV: シスター・クレア)、大賀ルキア (CV: 星川サラ),"[3, 7.7, 11, 13.3, '']"
705,Jump!! Jump!! Jump!! -星咲 あかりソロver.-,曲：宮崎誠／歌：星咲 あかり(CV：赤尾 ひかる),"[3, 6, 9, 12, '']"
706,Jump!! Jump!! Jump!! -藤沢 柚子ソロver.-,曲：宮崎誠／歌：藤沢 柚子(CV：久保田 梨沙),"[3, 6, 9, 12, '']"
707,Jump!! Jump!! Jump!! -三角 葵ソロver.-,曲：宮崎誠／歌：三角 葵(CV：春野 杏),"[3, 6, 9, 12, '']"
708,Jump!! Jump!! Jump!! -高瀬 梨緒ソロver.-,曲：宮崎誠／歌：高瀬 梨緒(CV：久保 ユリカ),"[3, 6, 9, 12, '']"
709,Jump!! Jump!! Jump!! -逢坂 茜ソロver.-,曲：宮崎誠／歌：逢坂 茜(CV：大空 直美),"[3, 6, 9, 12, '']"
721,So much loving you★ -DIVA Edit-,古墳P,"[2, 6, 10.4, 13.7, '']"
722,サイハテ,小林オニキス,"[2, 5, 10.7, 13.8, '']"
723,ミラクルペイント,OSTER project,"[4, 7, 10.7, 13.3, '']"
724,パラジクロロベンゼン,オワタP,"[2, 7, 11.4, 13.9, '']"
725,無敵☆moment,Peaky P-key「D4DJ」,"[2, 5, 9, 12.6, '']"
726,クライノイド,燐舞曲「D4DJ」,"[4, 7.7, 9.7, 13, '']"
728,In Chaos,Hiro「Crackin'DJ」,"[2, 8, 11.8, 14.8, '']"
727,ワガママMIRROR HEART,大橋彩香「政宗くんのリベンジ」,"[4, 7, 9.7, 12.7, '']"
731,Blows Up Everything,USAO,"[5, 9, 12.3, 14.1, '']"
729,ポジティブ☆ダンスタイム,キノシタ feat.音街ウナ・鏡音リン,"[4, 8, 11.3, 12.4, '']"
730,マイオドレ！舞舞タイム,キノシタ feat. そらみこ,"[3, 7, 10, 12.9, '']"
732,"HELLO,SOFMAP WORLD",ソフマップ 店内BGM　歌：光吉猛修 コーラス：音撃譜面部,"[2, 6, 8.7, 12.8, '']"
733,BLUE ZONE,Tatsh x NAOKI,"[3, 8, 11.7, 14.3, '']"
734,別れのワルツ,編曲：SEGA SOUND STAFF,"[0, 0, 0, 0, 0]"
735,空色メモリーズ,成海遥香（CV：雨宮天）、煌上花音（CV：本渡楓）、楠明日葉（CV：田村睦心）、南ひなた（CV：五十嵐裕美）、サドネ（CV：悠木碧）、朝比奈心美（CV：原田ひとみ）「バトルガール ハイスクール」,"[2, 6, 9.7, 12.5, 13.8]"
736,Departure,f*f（CV：本渡楓・下地紫野）「バトルガール ハイスクール」,"[3, 7, 9, 12.6, '']"
745,Baqeela (Creepy Remix),owl＊tree Remixed by Sampling Masters MEGA,"[3, 8, 12.2, 14.4, '']"
747,オンソクデイズ!!,cosMo＠暴走P,"[5, 9.7, 13.4, 14.9, '']"
748,MarbleBlue.,MisoilePunch♪,"[5, 10, 13.5, 15.3, '']"
742,超前進！満点スマイル！,曲：橘亮祐、篠崎あやと／歌：日向 千夏(CV：岡咲 美保),"[4, 8, 11.4, 13.5, '']"
743,ランダムサンデー,曲：Nika Lenz（Arte Refact）／歌：柏木 美亜(CV：和氣 あず未),"[2, 7, 10, 12.8, '']"
744,Little Twinkle,曲：馬渕直純／歌：東雲 つむぎ(CV：和泉 風花),"[2, 6, 9, 12.1, '']"
746,Vibes 2k20 (owl＊aging remix),owl＊tree,"[3, 8, 11.9, 13.8, '']"
737,最強 the サマータイム!!!!! -星咲 あかりソロver.-,曲：村カワ基成／歌：星咲 あかり(CV：赤尾 ひかる),"[3, 6, 9.7, 12, '']"
738,最強 the サマータイム!!!!! -高瀬 梨緒ソロver.-,曲：村カワ基成／歌：高瀬 梨緒(CV：久保 ユリカ),"[3, 6, 9.7, 12, '']"
739,最強 the サマータイム!!!!! -日向 千夏ソロver.-,曲：村カワ基成／歌：日向 千夏(CV：岡咲 美保),"[3, 6, 9.7, 12, '']"
740,最強 the サマータイム!!!!! -柏木 美亜ソロver.-,曲：村カワ基成／歌：柏木 美亜(CV：和氣 あず未),"[3, 6, 9.7, 12, '']"
741,最強 the サマータイム!!!!! -東雲 つむぎソロver.-,曲：村カワ基成／歌：東雲 つむぎ(CV：和泉 風花),"[3, 6, 9.7, 12, '']"
750,Trrricksters!!,s-don vs. 翡乃イスカ,"[3, 9, 12.3, 14.4, '']"
749,タイガーランペイジ,sasakure.UK,"[4, 8, 11.2, 13.9, '']"
751,ロング・スロー・アライブ,はるまきごはん feat.めらみぽっぷ,"[4, 8, 10, 12.8, '']"
752,Electric Emotion,nmk feat.橘花音,"[4, 8, 11.7, 13.9, '']"
753,Akasagarbha -reincarnate-,wa. vs ETIA.,"[3, 9, 12.4, 14.5, '']"
754,REAL VOICE,達見 恵 featured by 佐野 宏晃,"[4, 7, 10, 13.4, '']"
758,Geki Geki!! 激闘Break Out!!,曲：Haggy Rock(Dream Monster)／歌：藤沢 柚子(CV：久保田 梨沙)、井之原 小星(CV：ももの はるな)、逢坂 茜(CV：大空 直美),"[4, 7, 10, 13.2, '']"
756,卑怯戦隊うろたんだー,シンP,"[2, 7, 9.7, 13.8, '']"
757,音弾超人ゴリライザー,ゴリライザー制作委員会,"[2, 7.7, 11.9, 14.2, '']"
755,ビビッドヒーロー,DIVELA,"[2, 7, 9, 12.6, '']"
759,STARRED HEART -星咲 あかりソロver.-,曲：広川恵一 (MONACA)／歌：星咲 あかり(CV：赤尾 ひかる),"[2, 6, 11, 12.7, '']"
760,STARRED HEART -結城 莉玖ソロver.-,曲：広川恵一 (MONACA)／歌：結城 莉玖(CV：朝日奈 丸佳),"[2, 6, 11, 12.7, '']"
761,STARRED HEART -九條 楓ソロver.-,曲：広川恵一 (MONACA)／歌：九條 楓(CV：佳村 はるか),"[2, 6, 11, 12.7, '']"
762,STARRED HEART -珠洲島 有栖ソロver.-,曲：広川恵一 (MONACA)／歌：珠洲島 有栖(CV：長縄 まりあ),"[2, 6, 11, 12.7, '']"
763,STARRED HEART -東雲 つむぎソロver.-,曲：広川恵一 (MONACA)／歌：東雲 つむぎ(CV：和泉 風花),"[2, 6, 11, 12.7, '']"
767,New World,FELT,"[4, 7, 10, 13.5, '']"
768,妖々跋扈 ～ Who done it！！！,demetori,"[3, 8, 12.1, 14.6, '']"
764,U.N.オーエンは彼女なのか？ - Greater Scarlet,並木 学「東方幻想麻雀」,"[3, 8, 11.9, 14.2, '']"
765,Singing to the gods,来兎「東方幻想麻雀」,"[3, 6, 11.2, 12.9, '']"
766,キュアリアス光吉古牌　－祭－,光吉猛修「東方幻想麻雀」,"[2, 7.7, 10.4, 13.4, '']"
769,幽闇に目醒めしは,セブンスヘブンMAXION,"[2, 5, 10, 12.1, '']"
770,Armageddon,LeaF,"[4, 9, 12.8, 14.4, '']"
771,Over the Border,COOL&CREATE × 宝鐘マリン feat.不知火フレア,"[2, 7.7, 10, 13.4, '']"
777,Ai C,Feryquitous,"[4, 9.7, 13, 14.8, '']"
778,ゼーレンヴァンデルング,ke-ji(CERTIA),"[4, 9, 12.3, 14.8, '']"
779,Stardust:RAY,kanone vs. BlackY,"[5, 10, 13.8, 15.2, '']"
773,Resolution,曲：ANCHOR／歌：皇城 セツナ(CV：八巻 アンナ),"[3, 8, 10.7, 13.2, '']"
776,ヒストリー×ブレイカー,曲：中土智博／歌：⊿TRiEDGE [高瀬 梨緒(CV：久保 ユリカ)、結城 莉玖(CV：朝日奈 丸佳)、藍原 椿(CV：橋本 ちなみ)],"[2, 7, 11, 13.3, '']"
774,ロッキンピンクモンスター (豚乙女ランコVo Ver.),豚乙女,"[5, 8.7, 11.8, 13.8, '']"
775,FLUFFY FLASH (C-Show & Maozon Remix),C-Show & Maozon,"[4, 9, 12.8, 14.5, '']"
780,ストリーミングハート,DECO*27,"[4, 7.7, 10.4, 13.4, '']"
781,敗北の少年,kemu,"[3, 7, 10.7, 13.1, '']"
782,オートファジー,柊キライ,"[3, 7.7, 11.1, 13.8, '']"
783,マチガイサガシ,まふまふ「#コンパス」,"[4, 7.7, 9.7, 12.9, '']"
784,Cyaegha,USAO「Arcaea」,"[3, 8, 12.5, 13.9, '']"
785,Malicious Mischance,s-don「Arcaea」,"[3, 7.7, 12, 14.3, '']"
786,Alice's Suitcase,Endorfin.「Arcaea」,"[3, 8, 10.4, 13.2, '']"
788,Tempestissimo,t+pazolite「Arcaea」,"[5, 9.7, 12.8, 14.8, '']"
787,Löschen,BlackY feat. Risa Yuzuki「Arcaea」,"[3, 9, 11.6, 13.7, '']"
789,Transcend Lights -星咲 あかりソロver.-,曲：小高光太郎／歌：星咲 あかり(CV：赤尾 ひかる),"[2, 7, 10, 12, '']"
790,Transcend Lights -高瀬 梨緒ソロver.-,曲：小高光太郎／歌：高瀬 梨緒(CV：久保 ユリカ),"[2, 7, 10, 12, '']"
791,Transcend Lights -柏木 美亜ソロver.-,曲：小高光太郎／歌：柏木 美亜(CV：和氣 あず未),"[2, 7, 10, 12, '']"
792,Transcend Lights -東雲 つむぎソロver.-,曲：小高光太郎／歌：東雲 つむぎ(CV：和泉 風花),"[2, 7, 10, 12, '']"
793,Transcend Lights -皇城 セツナソロver.-,曲：小高光太郎／歌：皇城 セツナ(CV：八巻 アンナ),"[2, 7, 10, 12, '']"
794,Magic,niki feat.noire,"[3, 8, 10, 13, '']"
795,L'épilogue,SOUND HOLIC feat. Nana Takahashi,"[2, 7, 11, 13.9, '']"
803,光焔のラテラルアーク,大国奏音,"[5, 10.4, 14, 15.3, '']"
797,Selenadia,Lime,"[6, 10.7, 13.9, 15.4, '']"
799,しとしとと,t+pazolite,"[4, 9.7, 13.5, 14.8, '']"
802,夢を叶える場所,Junk,"[2, 8, 11.1, 13.8, '']"
805,μ3,水野健治 VS 穴山大輔,"[7, 11.4, 14.3, 15.6, 0]"
808,Recollect Lines,ああああ vs ぺのれり,"[8.7, 12.5, 14.7, 15.7, '']"
809,Memories of O.N.G.E.K.I.,SEGA SOUND STAFF arranged by Kanon Oguni,"[3, 7.7, 11, 13.8, '']"
806,HEADLINER,曲：田中秀和／歌：オンゲキシューターズ,"[3, 7, 10.7, 13, '']"
796,青空コントレール,曲：脇眞富（Arte Refact）／歌：星咲 あかり(CV：赤尾 ひかる)、日向 千夏(CV：岡咲 美保),"[2, 6, 9, 11.9, '']"
800,イルミネーション,曲：央海加亥／歌：柏木 咲姫(CV：石見 舞菜香),"[2, 7.7, 10.4, 12.8, '']"
801,Diamond Dust -crystal piano Arr.-,igel,"[5, 9.7, 12.7, 14.6, '']"
798,Flower,曲：白戸佑輔(Dream Monster)／歌：ASTERISM [星咲 あかり(CV：赤尾 ひかる)、藤沢 柚子(CV：久保田 梨沙)、三角 葵(CV：春野 杏)],"[3, 7, 9, 12.1, '']"
804,怨撃,細江慎治,"[0, 0, 0, 0, 15]"
807,怨撃・真,細江慎治,"[0, 0, 0, 0, 0]"
810,朝焼けプラットホーム,40mP feat.シャノ,"[4, 7, 9.7, 12.4, '']"
811,ここからはじまるプロローグ。,ああああ,"[3, 8, 11.8, 14, '']"
812,絆はずっとGrowing Up!!! -星咲 あかりソロver.-,曲：原田篤（Arte Refact）／歌：星咲 あかり(CV：赤尾 ひかる),"[4, 6, 10, 12, '']"
813,絆はずっとGrowing Up!!! -藤沢 柚子ソロver.-,曲：原田篤（Arte Refact）／歌：藤沢 柚子(CV：久保田 梨沙),"[4, 6, 10, 12, '']"
814,絆はずっとGrowing Up!!! -三角 葵ソロver.-,曲：原田篤（Arte Refact）／歌：三角 葵(CV：春野 杏),"[4, 6, 10, 12, '']"
815,とびだせ！TO THE COSMIC!!,t+pazolite feat. しゃま(CV:種﨑 敦美) & みるく(CV:伊藤 あすか),"[3, 8, 11, 13.6, '']"
816,コスモポップファンクラブ,ナユタン星人,"[2, 7, 10.4, 13.2, '']"
818,Paradisoda,魂音泉,"[2, 6, 11.3, 13.4, '']"
819,夢花火,豚乙女,"[4, 8, 10.7, 13.9, '']"
820,ハードコア・シンドローム,t+pazolite (HARDCORE TANO*C) feat.TANO*C ALL STARS,"[5, 9, 12.7, 14.5, '']"
821,Ring,R Sound Design feat.向日葵,"[2, 7, 9.7, 12.4, '']"
823,Caliburne ～Story of the Legendary sword～,Project Grimoire,"[5, 9.7, 12.7, 14.6, '']"
822,FestivaLight,霜月はるか,"[3, 7, 10, 12.7, '']"
824,撩乱乙女†無双劇 -高瀬 梨緒ソロver.-,曲：Haggy Rock & 佐藤厚仁／歌：高瀬 梨緒(CV：久保 ユリカ),"[4, 7, 11, 13, '']"
825,撩乱乙女†無双劇 -藍原 椿ソロver.-,曲：Haggy Rock & 佐藤厚仁／歌：藍原 椿(CV：橋本 ちなみ),"[4, 7, 11, 13, '']"
826,撩乱乙女†無双劇 -結城 莉玖ソロver.-,曲：Haggy Rock & 佐藤厚仁／歌：結城 莉玖(CV：朝日奈 丸佳),"[4, 7, 11, 13, '']"
827,宙の隣,くるぶっこちゃん,"[5, 8.7, 11.9, 14.1, '']"
828,ユメキキョウ,RD-Sounds feat.中恵光城,"[3, 7.7, 10, 13.6, '']"
829,宿星審判,suzu,"[6, 10, 13.6, 15.1, '']"
710,YO-KAI Disco,安井洋介「まもるクンは呪われてしまった！」,"[3, 7, 11.6, 13.8, 13.8]"
830,Girl's Party Planet! -桜井 春菜ソロver.-,曲：山本恭平（Arte Refact）／歌：桜井 春菜(CV：近藤 玲奈),"[1, 6, 10, 12, '']"
831,Girl's Party Planet! -早乙女 彩華ソロver.-,曲：山本恭平（Arte Refact）／歌：早乙女 彩華(CV：中島 唯),"[1, 6, 10, 12, '']"
833,Girl's Party Planet! -柏木 咲姫ソロver.-,曲：山本恭平（Arte Refact）／歌：柏木 咲姫(CV：石見 舞菜香),"[1, 6, 10, 12, '']"
832,Girl's Party Planet! -井之原 小星ソロver.-,曲：山本恭平（Arte Refact）／歌：井之原 小星(CV：ももの はるな),"[1, 6, 10, 12, '']"
834,C & B,PSYQUI feat.Such,"[4, 8, 11.8, 13.9, '']"
835,はちみつアドベンチャー,Yunomi feat.nicamoq,"[3, 7, 10.4, 13, '']"
837,MUSIC PЯAYER,A-One,"[3, 8, 11.4, 14, '']"
838,the EmpErroR,sasakure.UK,"[6, 9.7, 13.5, 14.9, '']"
836,キャットラビング,香椎モイミ,"[2, 6, 9, 12.5, '']"
839,Cosmic Train,Shoichiro Hirata feat.SUIMI,"[2, 6, 9, 13.1, '']"
840,渦状銀河のシンフォニエッタ,山本真央樹,"[5, 9.7, 12.9, 14.7, '']"
841,HEADLINER -星咲 あかりソロver.-,曲：田中秀和／歌：星咲 あかり(CV：赤尾 ひかる),"[3, 7, 10.7, 13, '']"
842,HEADLINER -藤沢 柚子ソロver.-,曲：田中秀和／歌：藤沢 柚子(CV：久保田 梨沙),"[3, 7, 10.7, 13, '']"
843,HEADLINER -三角 葵ソロver.-,曲：田中秀和／歌：三角 葵(CV：春野 杏),"[3, 7, 10.7, 13, '']"
844,HEADLINER -高瀬 梨緒ソロver.-,曲：田中秀和／歌：高瀬 梨緒(CV：久保 ユリカ),"[3, 7, 10.7, 13, '']"
845,HEADLINER -桜井 春菜ソロver.-,曲：田中秀和／歌：桜井 春菜(CV：近藤 玲奈),"[3, 7, 10.7, 13, '']"
846,HEADLINER -柏木 咲姫ソロver.-,曲：田中秀和／歌：柏木 咲姫(CV：石見 舞菜香),"[3, 7, 10.7, 13, '']"
847,HEADLINER -逢坂 茜ソロver.-,曲：田中秀和／歌：逢坂 茜(CV：大空 直美),"[3, 7, 10.7, 13, '']"
848,HEADLINER -日向 千夏ソロver.-,曲：田中秀和／歌：日向 千夏(CV：岡咲 美保),"[3, 7, 10.7, 13, '']"
849,HEADLINER -皇城 セツナソロver.-,曲：田中秀和／歌：皇城 セツナ(CV：八巻 アンナ),"[3, 7, 10.7, 13, '']"
850,青空コントレール -星咲 あかりソロver.-,曲：脇眞富（Arte Refact）／歌：星咲 あかり(CV：赤尾 ひかる),"[2, 6, 9, 11.7, '']"
851,青空コントレール -日向 千夏ソロver.-,曲：脇眞富（Arte Refact）／歌：日向 千夏(CV：岡咲 美保),"[2, 6, 9, 11.7, '']"
853,レイニーカラー・ウォーターカラー,烏屋茶房 feat.利香,"[2, 6, 10.4, 12.8, '']"
852,グッバイ宣言,Chinozo,"[3, 6, 10.7, 12.9, '']"
854,TECHNOPOLIS 2085,PRASTIK DANCEFLOOR,"[2, 9, 13.3, 14.4, '']"
855,キラメケ→Shoot it Now!,t+pazolite feat.ななひら,"[4, 7.7, 10.7, 13.3, '']"
857,Starry Colors,BlackY feat. Risa Yuzuki,"[4, 8, 12.6, 14.4, '']"
856,ヴァンパイア,DECO*27,"[3, 6, 10, 12.8, '']"
858,蜘蛛の糸,きくお×cosMo＠暴走P feat.影縫英,"[4, 10, 13.7, 14.9, '']"
859,遺伝子レベル∞スパイラル,NAOKI feat.小坂りゆ,"[3, 7, 10.4, 13.9, '']"
862,花と、雪と、ドラムンベース。,kanone feat. せんざい,"[5, 8, 11.7, 14.6, '']"
861,シル・ヴ・プレジデント,P丸様。,"[3, 7, 9.7, 12.5, 13.6]"
860,恋ひ恋ふ縁,KOTOKO,"[2, 6, 9, 12.6, '']"
863,YAMINABE☆PANIC ～ご馳走詰め込みフルコース～ -三角 葵ソロver.-,曲：高木龍一(Dream Monster)／歌：三角 葵(CV：春野 杏),"[4, 7.7, 10, 13, '']"
864,YAMINABE☆PANIC ～ご馳走詰め込みフルコース～ -桜井 春菜ソロver.-,曲：高木龍一(Dream Monster)／歌：桜井 春菜(CV：近藤 玲奈),"[4, 7.7, 10, 13, '']"
865,YAMINABE☆PANIC ～ご馳走詰め込みフルコース～ -珠洲島 有栖ソロver.-,曲：高木龍一(Dream Monster)／歌：珠洲島 有栖(CV：長縄 まりあ),"[4, 7.7, 10, 13, '']"
867,Hainuwele,ETIA.,"[5, 9.7, 13.5, 14.9, '']"
866,フォニイ,ツミキ,"[3, 7, 10, 12.8, '']"
868,POTENTIAL,TAG,"[6, 10.7, 13, 15.1, '']"
869,BREaK! BREaK! BREaK!,HiTECH NINJA vs Cranky,"[5, 9.7, 12.9, 14.5, '']"
870,FestA of PandemoniuM,"山本真央樹 vs Masahiro ""Godspeed"" Aoki (feat. Dylan Reavey)","[7.7, 11, 14, 15.4, '']"
873,宣誓センセーション,KiRaRe「Re:ステージ！プリズムステップ」,"[3, 8, 12, 14, '']"
872,君とインフィニティ -2021-,オルタンシア「Re:ステージ！プリズムステップ」,"[4, 7, 10.7, 13.3, '']"
871,Time and Space,ステラマリス「Re:ステージ！プリズムステップ」,"[3, 7.7, 10.4, 13.2, '']"
875,いちげき！のテーマ,曲：ヒゲドライバー／歌：いちげきしゅーたーず！,"[4, 8.7, 11.5, 13.8, '']"
874,Imitation:Loud Lounge,Ino(chronoize),"[2, 7, 11, 13.7, '']"
878,Let you DIVE!,HARDCORE TANO*C & エリザベス（CV:大西沙織）「WACCA」,"[3, 6, 10.7, 12.8, '']"
877,Quon,DJ Noriken「WACCA」,"[3, 7, 11.7, 13.7, '']"
876,PARALLEL★PRISM,P*Light「WACCA」,"[4, 8, 12.6, 14.2, '']"
879,Butterfly Wave -早乙女 彩華ソロver.-,曲：馬渕直純／歌：早乙女 彩華(CV：中島 唯),"[2, 7, 10.7, 13, '']"
880,Butterfly Wave -九條 楓ソロver.-,曲：馬渕直純／歌：九條 楓(CV：佳村 はるか),"[2, 7, 10.7, 13, '']"
881,Butterfly Wave -皇城 セツナソロver.-,曲：馬渕直純／歌：皇城 セツナ(CV：八巻 アンナ),"[2, 7, 10.7, 13, '']"
883,Starlight★Limited,カタオカツグミ,"[4, 9, 12.3, 14.3, '']"
882,星めぐり、果ての君へ。,TAKU1175 ft.駄々子,"[4, 7.7, 10.4, 12.9, '']"
886,Regulus,お月さま交響曲,"[6, 10, 13.7, 15.2, '']"
885,月影のトロイメライ,トロワアンジュ「Re:ステージ！プリズムステップ」,"[4, 7, 10.7, 13, '']"
884,Seventeen Feels,テトラルキア「Re:ステージ！プリズムステップ」,"[5, 8.7, 12.6, 13.9, '']"
888,モンダイナイトリッパー！,名取さな,"[4, 8, 10.7, 13.5, '']"
887,アンチグラビティ・ガール,月ノ美兎,"[3, 7.7, 11.4, 13.8, '']"
890,ラグトレイン,稲葉曇,"[2, 5, 9, 12.9, '']"
889,ヴィラン,てにをは,"[2, 6, 10.7, 13.5, '']"
891,Snow Colored Score,イロドリミドリ,"[2, 6, 9.7, 12.6, '']"
892,シンデレラディスコ -藍原 椿ソロver.-,曲：橘亮祐、篠崎あやと／歌：藍原 椿(CV：橋本 ちなみ),"[2, 7, 10, 13, '']"
893,シンデレラディスコ -早乙女 彩華ソロver.-,曲：橘亮祐、篠崎あやと／歌：早乙女 彩華(CV：中島 唯),"[2, 7, 10, 13, '']"
895,Azucar,litmus*,"[3, 9.7, 12.3, 14, '']"
894,Candy Tall Woman,naotyu- feat. 佐々木恵梨,"[5, 8, 11, 13.7, '']"
896,Rainbow Rush Story,いるかアイス feat.ちょこ,"[4, 8, 11, 13.6, '']"
899,with U,t+pazolite & Massive New Krew feat. リリィ(CV:青木志貴)「WACCA」,"[3, 7.7, 10.7, 13.8, '']"
898,Knight Rider,USAO「WACCA」,"[4, 9, 12.2, 14.1, '']"
897,Invisible Frenzy,Kobaryo「WACCA」,"[6, 9.7, 13.6, 14.9, '']"
901,夏宵スターマイン,曲：本多友紀（Arte Refact）／歌：オンゲキシューターズ,"[2, 7, 10, 13.2, '']"
900,オン×ステージ！,曲：塩野 海／歌：星咲 あかり(CV：赤尾 ひかる)、式宮 舞菜(CV：牧野 天音),"[3, 7, 10, 12.5, '']"
902,snooze,wotaku feat. SHIKI,"[3, 8, 11.8, 13.9, '']"
903,居並ぶ穀物と溜息まじりの運送屋,hanzo,"[2, 7, 10.4, 13.6, '']"
904,Scythe of Death,Masahiro “Godspeed” Aoki,"[5, 10, 13.8, 15, '']"
905,Death Scythe,SHIKI,"[3, 8.7, 12.4, 14.1, '']"
906,夏宵スターマイン -三角 葵ソロver.-,曲：本多友紀（Arte Refact）／歌：三角 葵(CV：春野 杏),"[2, 7, 10, 13, '']"
907,夏宵スターマイン -藍原 椿ソロver.-,曲：本多友紀（Arte Refact）／歌：藍原 椿(CV：橋本 ちなみ),"[2, 7, 10, 13, '']"
908,夏宵スターマイン -早乙女 彩華ソロver.-,曲：本多友紀（Arte Refact）／歌：早乙女 彩華(CV：中島 唯),"[2, 7, 10, 13, '']"
909,夏宵スターマイン -九條 楓ソロver.-,曲：本多友紀（Arte Refact）／歌：九條 楓(CV：佳村 はるか),"[2, 7, 10, 13, '']"
910,夏宵スターマイン -東雲 つむぎソロver.-,曲：本多友紀（Arte Refact）／歌：東雲 つむぎ(CV：和泉 風花),"[2, 7, 10, 13, '']"
911,いちげき！のテーマ -藤沢 柚子ソロver.-,曲：ヒゲドライバー／歌：藤沢 柚子(CV：久保田 梨沙),"[4, 8.7, 11, 13.7, '']"
912,いちげき！のテーマ -結城 莉玖ソロver.-,曲：ヒゲドライバー／歌：結城 莉玖(CV：朝日奈 丸佳),"[4, 8.7, 11, 13.7, '']"
913,いちげき！のテーマ -珠洲島 有栖ソロver.-,曲：ヒゲドライバー／歌：珠洲島 有栖(CV：長縄 まりあ),"[4, 8.7, 11, 13.7, '']"
914,いちげき！のテーマ -日向 千夏ソロver.-,曲：ヒゲドライバー／歌：日向 千夏(CV：岡咲 美保),"[4, 8.7, 11, 13.7, '']"
915,月詠に鳴る,Feryquitous feat.藍月なくる,"[3, 8.7, 11.5, 14.5, '']"
916,MeteorSnow,あず♪,"[6, 9.7, 13.3, 15.3, '']"
919,VIIIbit Explorer,Lime,"[4, 10, 13.2, 14.6, '']"
917,キズナヒトツ,ムラサメ (CV：佐藤 みかん) 「千恋＊万花」,"[1, 5, 8.7, 12, '']"
918,レータイスパークEx,ビートまりお（COOL&CREATE）,"[4, 8.7, 11.7, 14.1, '']"
920,ぽかぽか温泉音頭 -三角 葵ソロver.-,曲：橘亮祐、篠崎あやと／歌：三角 葵(CV：春野 杏),"[2, 7, 9, 12.7, '']"
921,ぽかぽか温泉音頭 -逢坂 茜ソロver.-,曲：橘亮祐、篠崎あやと／歌：逢坂 茜(CV：大空 直美),"[2, 7, 9, 12.7, '']"
922,ぽかぽか温泉音頭 -日向 千夏ソロver.-,曲：橘亮祐、篠崎あやと／歌：日向 千夏(CV：岡咲 美保),"[2, 7, 9, 12.7, '']"
925,Fragrance,Tsukasa(Arte Refact),"[3, 10, 14.6, 14.7, '']"
924,We Gonna Party,Cranky,"[2, 8, 10.7, 13.8, '']"
923,Starlight Disco,loos feat. Meramipop,"[2, 7, 9, 13.3, '']"
927,Goodbye Innocence,She is Legend「ヘブンバーンズレッド」,"[3, 7.7, 10.4, 13.3, '']"
926,INTERNET YAMERO,Aiobahn feat. KOTOKO,"[3, 8.7, 11.7, 14.1, '']"
930,Tricky Treat!!!,曲：Kijibato(Dream Monster)／歌：逢坂 茜(CV：大空 直美)、高瀬 梨緒(CV：久保 ユリカ)、柏木 咲姫(CV：石見 舞菜香),"[5, 9, 12.7, 14.2, '']"
929,Buck's Fizz,わかどり,"[3, 9.7, 12.5, 14.7, '']"
928,天つ風 feat. 夏川陽子,onoken,"[3, 6, 10.7, 12.4, '']"
932,Stellar:Dream,EmoCosine + Synthion,"[6, 10.7, 13.7, 15.1, '']"
931,RIFFRAIN,夏代孝明,"[2, 6, 8.7, 12.6, '']"
935,アルカンシエル,Yamajet「グルーヴコースター」,"[4, 9, 11.8, 13.5, '']"
934,聖者の鼓動,世阿弥「グルーヴコースター」,"[3, 9, 12.8, 14.4, '']"
933,ouroboros -twin stroke of the end-,Cranky VS MASAKI「グルーヴコースター」,"[4, 9.7, 13.5, 14.7, '']"
937,WE'RE BACK!!,Zekk,"[3, 9.7, 12.7, 14.4, '']"
936,N3V3R G3T OV3R,C-Show,"[2, 9, 12.2, 14.5, '']"
938,Geki Geki!! 激闘Break Out!! -藤沢 柚子ソロver.-,曲：Haggy Rock(Dream Monster)／歌：藤沢 柚子(CV：久保田 梨沙),"[4, 7, 10, 13, '']"
939,Geki Geki!! 激闘Break Out!! -井之原 小星ソロver.-,曲：Haggy Rock(Dream Monster)／歌：井之原 小星(CV：ももの はるな),"[4, 7, 10, 13, '']"
940,Geki Geki!! 激闘Break Out!! -逢坂 茜ソロver.-,曲：Haggy Rock(Dream Monster)／歌：逢坂 茜(CV：大空 直美),"[4, 7, 10, 13, '']"
942,Prominence,曲：下野 隼／歌：皇城 セツナ(CV：八巻 アンナ)、式宮 碧音(CV：髙橋 ミナミ),"[6, 9.7, 12.9, 14.6, '']"
941,Apollo -onoken AxSwing Remix-,onoken,"[3, 8.7, 12.6, 13.8, '']"
944,Sage,かめりあ,"[4, 10, 13, 14.9, '']"
943,予感のシグナル,温泉むすめ 日中早百合（CV:春野 杏）「温泉むすめ」,"[2, 6, 10.4, 13.3, '']"
947,ステラ,じん/初音ミク/Leo/need「プロジェクトセカイ カラフルステージ！ feat. 初音ミク」,"[4, 7, 11, 13.4, '']"
946,パラソルサイダー,ナナホシ管弦楽団/巡音ルカ/MORE MORE JUMP！「プロジェクトセカイ カラフルステージ！ feat. 初音ミク」,"[3, 6, 10.7, 12.9, '']"
945,星界ちゃんと可不ちゃんのおつかい合騒曲,南ノ南,"[5, 8, 11.7, 14, '']"
949,つっぱれ！にゃんきー魂,Neko Hacker feat.うごくちゃん,"[3, 8, 11.9, 13.9, '']"
948,Elemental Ethnic,Yooh,"[4, 9, 12.8, 14.7, '']"
951,Zitronectar,Reku Mochizuki,"[5, 8.7, 12.9, 14.5, '']"
950,GAME：CHANGER,uma vs. ガリガリさむし,"[7.7, 9.7, 13.1, 14.9, '']"
952,3分ガール,HIMEHINA,"[6, 9, 12.2, 14.3, '']"
953,ド屑,なきそ,"[2, 6, 10.7, 13.6, '']"
954,反撃! 突撃! Back To Back! -星咲 あかりソロver.-,曲：矢鴇つかさ & 脇眞富（Arte Refact）／歌：星咲 あかり(CV：赤尾 ひかる),"[2, 7, 9.7, 13, '']"
955,反撃! 突撃! Back To Back! -高瀬 梨緒ソロver.-,曲：矢鴇つかさ & 脇眞富（Arte Refact）／歌：高瀬 梨緒(CV：久保 ユリカ),"[2, 7, 9.7, 13, '']"
959,MEGALOVANIA,Toby Fox「UNDERTALE」,"[5, 9, 12.8, 14.4, 14.9]"
961,And Revive The Melody,黒魔,"[6, 10.7, 13.8, 15.3, '']"
962,Dramatic…?,曲：Kijibato／歌：星咲 あかり(CV：赤尾 ひかる)、珠洲島 有栖(CV：長縄 まりあ)、日向 千夏(CV：岡咲 美保)、皇城 セツナ(CV：八巻 アンナ),"[5, 8.7, 11.8, 13.9, '']"
963,STEP BY STEP,曲：竹内サティフォ／歌：星咲 あかり(CV：赤尾 ひかる),"[2, 6, 9.7, 12.7, '']"
964,はっぴ～しゅ～てぃんぐすた～,曲：森羅万象／歌：藤沢 柚子(CV：久保田 梨沙),"[4, 8, 11.8, 13.6, '']"
965,Event Horizon,曲：5u5h1／歌：三角 葵(CV：春野 杏),"[2, 8, 11.1, 13.7, '']"
966,THE TRiANGLE,Yuta Imai,"[6, 10, 12.9, 14.9, '']"
957,INTERNET OVERDOSE,Aiobahn feat. KOTOKO,"[3, 7, 11, 13.4, '']"
956,シリウスの輝きのように,鳳 ここな(CV.石見舞菜香)、静香(CV.長谷川育美)、カトリナ・グリーベル(CV.天城サリー)、新妻八恵(CV.長縄まりあ)、柳場ぱんだ(CV.大空直美)、流石知冴(CV.佐々木李子),"[5, 8, 10.7, 13.1, 14.9]"
958,きゅうくらりん,いよわ,"[5, 7.7, 10.7, 14, '']"
960,Grayed Out-Antifront-,Getty vs. DJ DiA,"[5, 9, 12.5, 14.3, '']"
967,オン×ステージ！ -星咲 あかりソロver.-,曲：塩野 海／歌：星咲 あかり(CV：赤尾 ひかる),"[3, 7, 10, 12, '']"
968,オン×ステージ！ -式宮 舞菜ソロver.-,曲：塩野 海／歌：式宮 舞菜(CV：牧野 天音),"[3, 7, 10, 12, '']"
969,Prominence -皇城 セツナソロver.-,曲：下野 隼／歌：皇城 セツナ(CV：八巻 アンナ),"[6, 9.7, 12.7, 14, '']"
970,Prominence -式宮 碧音ソロver.-,曲：下野 隼／歌：式宮 碧音(CV：髙橋 ミナミ),"[6, 9.7, 12.7, 14, '']"
972,スカーレット警察のゲットーパトロール24時,七条レタスグループ,"[3, 7, 10.7, 13.8, '']"
971,プラネタリウム・レヴュー,千寿 暦(CV.鳥部万里子)、ラモーナ・ウォルフ(CV.田中美海)、王 雪(CV.花井美春)、リリヤ・クルトベイ(CV.安齋由香里)、与那国緋花里(CV.下地紫野),"[3, 5, 10, 12.2, '']"
974,Dramatic…？ -珠洲島 有栖ソロver.-,曲：Kijibato／歌：珠洲島 有栖(CV：長縄 まりあ),"[5, 8.7, 11.7, 13.7, '']"
975,Dramatic…？ -日向 千夏ソロver.-,曲：Kijibato／歌：日向 千夏(CV：岡咲 美保),"[5, 8.7, 11.7, 13.7, '']"
976,Dramatic…？ -皇城 セツナソロver.-,曲：Kijibato／歌：皇城 セツナ(CV：八巻 アンナ),"[5, 8.7, 11.7, 13.7, '']"
973,Dramatic…？ -星咲 あかりソロver.-,曲：Kijibato／歌：星咲 あかり(CV：赤尾 ひかる),"[5, 8.7, 11.7, 13.7, '']"
977,えんじぇる♡ピタゴリ☆ほーみたい！,あべにゅうぷろじぇくと feat.エンジェルオールスターズ(めぐる・すみれ・遥・葵・クルミ・テスラ・ナイン),"[3, 7, 10, 12.8, '']"
979,偉大なる悪魔は実は大天使パトラちゃん様なのだ！,周防パトラ,"[4, 8.7, 11.7, 13.7, '']"
978,ハートサーモグラフィー,周防パトラ,"[3, 6, 9.7, 12.7, '']"
980,ヒストリー×ブレイカー -高瀬 梨緒ソロver.-,曲：中土智博／歌：高瀬 梨緒(CV：久保 ユリカ),"[2, 7, 11, 13, '']"
981,ヒストリー×ブレイカー -藍原 椿ソロver.-,曲：中土智博／歌：藍原 椿(CV：橋本 ちなみ),"[2, 7, 11, 13, '']"
982,ヒストリー×ブレイカー -結城 莉玖ソロver.-,曲：中土智博／歌：結城 莉玖(CV：朝日奈 丸佳),"[2, 7, 11, 13, '']"
985,Livmetarryr,a_hisa,"[2, 8.7, 11, 13.9, '']"
984,Cogito ergo sum,佐藤 優樹,"[3, 9.7, 13, 14.7, '']"
988,ロミオとシンデレラ,doriko,"[3, 6, 10.7, 12.9, '']"
987,おひめさまになりたいのッ！,OSTER project,"[2, 8, 10, 13.5, '']"
986,ずんだパーリナイ,なみぐる feat.ずんだもん,"[3, 7, 9.7, 13.6, '']"
990,雪男,かねこちはる,"[6, 10.7, 13.6, 15.1, '']"
989,Blessed Rain,ぺのれり,"[5, 9, 12.7, 14.4, '']"
993,10pt8ion,Lite Show Magic「グルーヴコースター」,"[4, 9, 12.1, 14.4, '']"
992,Got more raves? -xiRemix-,xi「グルーヴコースター」,"[7.7, 10, 13.7, 14.8, '']"
991,Lethal Dose,sky_delta「グルーヴコースター」,"[5, 9.7, 12.7, 13.9, '']"
994,風仁雷仁,カラフル・サウンズ・ポート,"[2, 6, 10.7, 13.8, '']"
995,Synthesis.,tn-shi,"[4, 9.7, 13, 14.9, '']"
997,淵底のグレイ・ユークロニア,打打だいず vs. siromaru vs. Tanchiky,"[6, 10, 13.4, 14.9, '']"
996,冥乱幻舞,PRASTIK DANCEFLOOR,"[4, 9.7, 13.2, 14.7, '']"
999,ガチ恋ラビリンス,森羅万象,"[5, 8, 11.7, 13.8, '']"
998,メランコリック,Junky,"[2, 5, 9, 12.6, '']"
1000,Lots of love,アスタレーヴ「Re:ステージ！プリズムステップ」,"[3, 7, 11, 13.4, '']"
1004,アイシング・ドリーム,曲：卯乃／歌：珠洲島 有栖(CV：長縄 まりあ)、西館 ハク(CV：佐藤 実季),"[2, 6, 10.7, 12.9, '']"
1003,Individual on parade!,曲：渡部チェル／歌：珠洲島 有栖(CV：長縄 まりあ)、皇城 セツナ(CV：八巻 アンナ)、柏木 咲姫(CV：石見 舞菜香)、日向 千夏(CV：岡咲 美保)、井之原 小星(CV：ももの はるな),"[3, 7.7, 10, 13, '']"
1001,サンダーレスキュー！,トライアムトーン「Re:ステージ！プリズムステップ」,"[5, 8.7, 12.9, 13.9, '']"
1002,泡白昼夢,アルシュシュ「Re:ステージ！プリズムステップ」,"[2, 6, 9.7, 12.9, '']"
1005,Tricky Treat!!! -逢坂 茜ソロver.-,曲：Kijibato(Dream Monster)／歌：逢坂 茜(CV：大空 直美),"[5, 9, 12.7, 14, '']"
1006,Tricky Treat!!! -高瀬 梨緒ソロver.-,曲：Kijibato(Dream Monster)／歌：高瀬 梨緒(CV：久保 ユリカ),"[5, 9, 12.7, 14, '']"
1007,Tricky Treat!!! -柏木 咲姫ソロver.-,曲：Kijibato(Dream Monster)／歌：柏木 咲姫(CV：石見 舞菜香),"[5, 9, 12.7, 14, '']"
1008,Individual on parade! -柏木 咲姫ソロver.-,曲：渡部チェル／歌：柏木 咲姫(CV：石見 舞菜香),"[3, 7.7, 10, 13, '']"
1009,Individual on parade! -井之原 小星ソロver.-,曲：渡部チェル／歌：井之原 小星(CV：ももの はるな),"[3, 7.7, 10, 13, '']"
1010,Individual on parade! -珠洲島 有栖ソロver.-,曲：渡部チェル／歌：珠洲島 有栖(CV：長縄 まりあ),"[3, 7.7, 10, 13, '']"
1011,Individual on parade! -日向 千夏ソロver.-,曲：渡部チェル／歌：日向 千夏(CV：岡咲 美保),"[3, 7.7, 10, 13, '']"
1012,Individual on parade! -皇城 セツナソロver.-,曲：渡部チェル／歌：皇城 セツナ(CV：八巻 アンナ),"[3, 7.7, 10, 13, '']"
1013,Sparking Revolver,xi,"[4, 9.7, 13, 14.7, '']"
1014,アンバークロニクル,しーけー feat.ricono,"[3, 8.7, 10, 13, '']"
